key,lon,lat
sar-data/tasks/ship_detection_testdata/07c7be9c-de52-4fe0-a123-34cf613bd8ad/2023-12-20-01-02-38_UMBRA-05/2023-12-20-01-02-38_UMBRA-05_METADATA.json,122.00809643838475,30.01430250547309
sar-data/tasks/ship_detection_testdata/0837bf59-941d-408a-944d-dbd5cfe99fa0/2023-02-26-12-55-44_UMBRA-04/2023-02-26-12-55-44_UMBRA-04_METADATA.json,119.68726361280098,25.170831840709784
sar-data/tasks/ship_detection_testdata/0835fe24-3478-4911-89c9-611c6c5c1078/2023-10-27-10-45-54_UMBRA-04/2023-10-27-10-45-54_UMBRA-04_METADATA.json,-2.5333377793017586,49.45000007189926
sar-data/tasks/ship_detection_testdata/086bff77-b5e7-4432-92dd-f5440887bbeb/2023-11-07-16-40-42_UMBRA-05/2023-11-07-16-40-42_UMBRA-05_METADATA.json,56.449994572542856,25.399990749942106
sar-data/tasks/ship_detection_testdata/0840323e-48b8-491c-a715-85afe1b461d9/2023-08-26-02-17-33_UMBRA-05/2023-08-26-02-17-33_UMBRA-05_METADATA.json,119.98437462808366,35.72252005407423
sar-data/tasks/ship_detection_testdata/00174818-00fe-4c89-bf45-cc6149253707/2023-04-15-01-17-53_UMBRA-05/2023-04-15-01-17-53_UMBRA-05_METADATA.json,120.271811167158,22.69284552578979
sar-data/tasks/ship_detection_testdata/07d4fecb-1370-4c04-a368-7185de10b931/2023-06-14-13-27-59_UMBRA-04/2023-06-14-13-27-59_UMBRA-04_METADATA.json,120.5458283026728,40.3513920119713
sar-data/tasks/ship_detection_testdata/07d22357-bd79-4d36-be73-fb2deba275c2/2023-10-30-04-50-38_UMBRA-05/2023-10-30-04-50-38_UMBRA-05_METADATA.json,73.52909818812999,4.1918305600557515
sar-data/tasks/ship_detection_testdata/083ffaa2-41ee-4721-8f2c-352a29e3c2e4/2023-03-09-13-18-17_UMBRA-05/2023-03-09-13-18-17_UMBRA-05_METADATA.json,120.99250090445553,40.70690098016988
sar-data/tasks/ship_detection_testdata/07e8c538-3cf1-4442-8bd8-c453896d393e/2023-01-18-19-34-16_UMBRA-04/2023-01-18-19-34-16_UMBRA-04_METADATA.json,32.57986975795673,30.016825969623603
sar-data/tasks/ship_detection_testdata/0212f28a-a23d-49c4-a309-9a9ce4e371fc/2023-01-27-01-57-59_UMBRA-04/2023-01-27-01-57-59_UMBRA-04_METADATA.json,-77.05661857320447,38.87001080810688
sar-data/tasks/ship_detection_testdata/02a5fd1e-cb2e-4d4d-9c2a-cbdb337cd822/2023-12-06-15-26-00_UMBRA-06/2023-12-06-15-26-00_UMBRA-06_METADATA.json,-77.04390021255958,38.88320358183904
sar-data/tasks/ship_detection_testdata/018f3ac1-eff3-487c-95fd-d869db502c57/2023-04-23-07-12-19_UMBRA-05/2023-04-23-07-12-19_UMBRA-05_METADATA.json,43.06599949813327,11.601150058187214
sar-data/tasks/ship_detection_testdata/0567cf3c-9303-456e-8ff8-5dd536065fde/2023-07-21-02-24-17_UMBRA-05/2023-07-21-02-24-17_UMBRA-05_METADATA.json,119.99260070900202,35.71820017909794
sar-data/tasks/ship_detection_testdata/0250bc36-403a-42a0-a752-125f1d4fcd89/2023-10-07-12-46-20_UMBRA-05/2023-10-07-12-46-20_UMBRA-05_METADATA.json,119.45630536747012,34.68899894820688
sar-data/tasks/ship_detection_testdata/00dee081-76ee-413a-8af2-e6be1c6ab8d0/2023-08-07-13-53-00_UMBRA-04/2023-08-07-13-53-00_UMBRA-04_METADATA.json,114.66514590202853,8.855686937040225
sar-data/tasks/ship_detection_testdata/064247ea-44da-40a8-8682-f7e07d1c0e20/2023-10-23-01-51-10_UMBRA-04/2023-10-23-01-51-10_UMBRA-04_METADATA.json,-68.9166635394783,12.100000505881585
sar-data/tasks/ship_detection_testdata/0d0f6066-fc05-47d0-a234-45957863235d/2023-06-03-15-53-36_UMBRA-06/2023-06-03-15-53-36_UMBRA-06_METADATA.json,103.5494990269375,1.3580358856279542
sar-data/tasks/ship_detection_testdata/0610d36d-6add-4837-9255-2c975b085b36/2023-01-21-14-42-48_UMBRA-04/2023-01-21-14-42-48_UMBRA-04_METADATA.json,-77.0561316514119,38.870732532809726
sar-data/tasks/ship_detection_testdata/0e7d96ea-3834-42f4-beab-acf248a7d595/2023-01-22-13-59-23_UMBRA-04/2023-01-22-13-59-23_UMBRA-04_METADATA.json,114.073473094531,22.35088981514722
sar-data/tasks/ship_detection_testdata/0e1e5daf-21f2-44ac-a93c-bd65609a6c65/2024-03-09-06-19-13_UMBRA-07/2024-03-09-06-19-13_UMBRA-07_METADATA.json,54.519500888340914,24.30920346965467
sar-data/tasks/ship_detection_testdata/06ca6e29-7370-4009-ad9e-86a29debdc7f/2023-06-30-05-15-17_UMBRA-06/2023-06-30-05-15-17_UMBRA-06_METADATA.json,79.82379893844606,6.952000569587127
sar-data/tasks/ship_detection_testdata/0de24a2a-2751-4137-8dee-f9f5f2499c00/2024-01-02-03-12-35_UMBRA-06/2024-01-02-03-12-35_UMBRA-06_METADATA.json,-68.00750011676016,10.48989981956276
sar-data/tasks/ship_detection_testdata/048e6fd3-bd2b-404f-811a-85fa21faf828/2023-02-03-15-18-12_UMBRA-05/2023-02-03-15-18-12_UMBRA-05_METADATA.json,-90.2759703357453,-0.4546926508505372
sar-data/tasks/ship_detection_testdata/0d23a41d-6441-4800-b8b7-9f1997d5e7dc/2024-03-28-03-28-56_UMBRA-07/2024-03-28-03-28-56_UMBRA-07_METADATA.json,-76.52459744838576,39.22020039951846
sar-data/tasks/ship_detection_testdata/0d67e476-d5b9-4863-9674-c40648692d9c/2023-07-10-01-43-46_UMBRA-04/2023-07-10-01-43-46_UMBRA-04_METADATA.json,119.98195548151625,35.72629686666882
sar-data/tasks/ship_detection_testdata/0f460414-e738-4f8a-88e4-f773caae115c/2023-06-18-02-00-47_UMBRA-04/2023-06-18-02-00-47_UMBRA-04_METADATA.json,112.34500348575274,16.833611034899725
sar-data/tasks/ship_detection_testdata/0e2eb93b-6ac5-42a4-be09-f8d44044e91c/2023-03-28-13-15-40_UMBRA-05/2023-03-28-13-15-40_UMBRA-05_METADATA.json,126.48391122144261,33.22819394819031
sar-data/tasks/ship_detection_testdata/0121e119-91e5-41b4-b428-b5b8825adae7/2023-08-10-13-17-17_UMBRA-05/2023-08-10-13-17-17_UMBRA-05_METADATA.json,121.73790350356948,31.34930180483384
sar-data/tasks/ship_detection_testdata/03eb6de7-5b80-4fc2-8fe8-f832235b32c2/2023-01-24-06-19-17_UMBRA-04/2023-01-24-06-19-17_UMBRA-04_METADATA.json,43.05856274642974,11.593630013765988
sar-data/tasks/ship_detection_testdata/07c06ecc-47ba-4c24-8e29-150a0ed77d25/2023-06-17-12-48-12_UMBRA-04/2023-06-17-12-48-12_UMBRA-04_METADATA.json,120.54582792163592,40.35139215507962
sar-data/tasks/ship_detection_testdata/06486350-1057-479c-9065-4f5ddfc31bfd/2023-09-23-12-48-17_UMBRA-04/2023-09-23-12-48-17_UMBRA-04_METADATA.json,121.73930424244973,31.352802817581814
sar-data/tasks/ship_detection_testdata/0f24b2df-38aa-4677-b3e9-99c92788383a/2023-12-01-01-52-43_UMBRA-06/2023-12-01-01-52-43_UMBRA-06_METADATA.json,120.96666754474792,14.600001042122909
sar-data/tasks/ship_detection_testdata/0f5c1ee9-d32f-4a71-8a20-949812072631/2023-12-28-11-34-04_UMBRA-04/2023-12-28-11-34-04_UMBRA-04_METADATA.json,131.87509456795942,43.092003086044286
sar-data/tasks/ship_detection_testdata/102009aa-a30f-4421-ab95-cc67c0eb065a/2023-02-02-02-44-25_UMBRA-05/2023-02-02-02-44-25_UMBRA-05_METADATA.json,109.69112260853413,18.204140394058967
sar-data/tasks/ship_detection_testdata/108de068-f87b-4b2d-b577-af80df61b071/2023-06-20-04-47-11_UMBRA-05/2023-06-20-04-47-11_UMBRA-05_METADATA.json,73.53031883121581,4.190469952986698
sar-data/tasks/ship_detection_testdata/0204352e-581f-4212-82f0-174cfb351bee/2023-02-26-14-24-37_UMBRA-04/2023-02-26-14-24-37_UMBRA-04_METADATA.json,103.54949910949391,1.3580363961708581
sar-data/tasks/ship_detection_testdata/015e671e-1893-4847-a1e8-3b774964ce9f/2023-06-18-01-56-53_UMBRA-04/2023-06-18-01-56-53_UMBRA-04_METADATA.json,121.64194869113004,29.101111559714873
sar-data/tasks/ship_detection_testdata/10670705-bff4-4239-bf62-02ab43ed4d69/2023-07-01-20-24-05_UMBRA-05/2023-07-01-20-24-05_UMBRA-05_METADATA.json,18.44695532301292,-33.915814176883956
sar-data/tasks/ship_detection_testdata/02c1fc66-2ac4-4c5e-bfd6-14aa22871cf7/2023-01-17-15-25-55_UMBRA-05/2023-01-17-15-25-55_UMBRA-05_METADATA.json,-77.03685704840215,38.88017107882432
sar-data/tasks/ship_detection_testdata/07290437-4328-440c-8b25-662c21a30ae7/2023-09-28-13-15-38_UMBRA-05/2023-09-28-13-15-38_UMBRA-05_METADATA.json,117.21140192162913,23.62140083484473
sar-data/tasks/ship_detection_testdata/10c4e206-cbc1-4e48-85f7-b8ef3355db60/2023-06-04-15-42-52_UMBRA-06/2023-06-04-15-42-52_UMBRA-06_METADATA.json,103.5494990176921,1.358036032355113
sar-data/tasks/ship_detection_testdata/10b2b59b-3652-44bb-8d6e-33c180b416d7/2023-07-02-14-04-48_UMBRA-04/2023-07-02-14-04-48_UMBRA-04_METADATA.json,113.89933191417349,22.32439219966033
sar-data/tasks/ship_detection_testdata/0df14886-1768-40ca-b3e7-aa4ccee5daf1/2023-09-23-14-19-36_UMBRA-04/2023-09-23-14-19-36_UMBRA-04_METADATA.json,112.34055988920845,16.834766662912905
sar-data/tasks/ship_detection_testdata/1125da26-f8ac-4c16-a0e3-fe27f8ab3316/2024-01-11-18-52-21_UMBRA-06/2024-01-11-18-52-21_UMBRA-06_METADATA.json,57.76509868045846,25.6222007125091
sar-data/tasks/ship_detection_testdata/11671865-4b49-469a-a8dd-79482dd817db/2023-01-26-15-12-44_UMBRA-05/2023-01-26-15-12-44_UMBRA-05_METADATA.json,-76.29718846686603,36.81536191213726
sar-data/tasks/ship_detection_testdata/10a2da21-d0eb-408c-a21d-aa05251bcf82/2023-02-09-01-21-40_UMBRA-04/2023-02-09-01-21-40_UMBRA-04_METADATA.json,121.75044283542051,31.342369192944318
sar-data/tasks/ship_detection_testdata/10c2349b-8583-4f75-bf99-a44e6f99d2a6/2023-10-24-20-44-02_UMBRA-04/2023-10-24-20-44-02_UMBRA-04_METADATA.json,-2.0999995728895753,49.18333491627725
sar-data/tasks/ship_detection_testdata/11afcdf3-79c8-4568-9cce-d417ff5604a8/2023-08-02-13-31-03_UMBRA-05/2023-08-02-13-31-03_UMBRA-05_METADATA.json,119.99299771938912,35.71799991476648
sar-data/tasks/ship_detection_testdata/125b5c25-4a00-4072-935d-c8f67360a500/2023-10-06-02-13-45_UMBRA-04/2023-10-06-02-13-45_UMBRA-04_METADATA.json,120.28299743454929,27.04400194332397
sar-data/tasks/ship_detection_testdata/11558d38-23cc-4598-8bca-e840d8238fc6/2023-11-09-15-07-50_UMBRA-04/2023-11-09-15-07-50_UMBRA-04_METADATA.json,-79.53469837295023,8.952200397917046
sar-data/tasks/ship_detection_testdata/012fe132-d975-4d27-99f6-c70fd7fd6471/2023-10-25-10-31-48_UMBRA-05/2023-10-25-10-31-48_UMBRA-05_METADATA.json,-2.5333386234905246,49.45000395900864
sar-data/tasks/ship_detection_testdata/11f19bdc-7562-431f-af92-8d0705be67ca/2023-04-10-18-12-59_UMBRA-04/2023-04-10-18-12-59_UMBRA-04_METADATA.json,43.062010825796264,11.593251287716694
sar-data/tasks/ship_detection_testdata/04dd44f3-6f18-4bc8-8f09-91f36a17d495/2023-01-25-13-28-27_UMBRA-04/2023-01-25-13-28-27_UMBRA-04_METADATA.json,121.00260968157646,40.71205207811814
sar-data/tasks/ship_detection_testdata/128df8bd-22b9-4858-86f0-658a59981335/2023-01-25-18-10-01_UMBRA-04/2023-01-25-18-10-01_UMBRA-04_METADATA.json,51.534011688388155,25.286119479511612
sar-data/tasks/ship_detection_testdata/1321b895-4f71-44fa-8f22-4372a2104821/2023-09-15-14-36-22_UMBRA-05/2023-09-15-14-36-22_UMBRA-05_METADATA.json,107.12590078839881,10.410119923615222
sar-data/tasks/ship_detection_testdata/01f77848-6723-4a9f-ad16-a4e15194709f/2023-03-09-02-49-06_UMBRA-05/2023-03-09-02-49-06_UMBRA-05_METADATA.json,103.77752685870428,1.2673100374164499
sar-data/tasks/ship_detection_testdata/01d0cc4e-80fb-4c32-8eb4-3d9f6cc8fe1b/2023-03-06-02-08-59_UMBRA-04/2023-03-06-02-08-59_UMBRA-04_METADATA.json,110.4339824978879,21.22248149134825
sar-data/tasks/ship_detection_testdata/05fcce82-5d88-4938-b34e-d35ae6f57ac0/2023-06-19-13-50-07_UMBRA-04/2023-06-19-13-50-07_UMBRA-04_METADATA.json,111.74138478705686,16.462778538026065
sar-data/tasks/ship_detection_testdata/011be8cb-1867-44cb-80ba-706d1e94f94e/2023-01-23-18-25-33_UMBRA-05/2023-01-23-18-25-33_UMBRA-05_METADATA.json,43.060781662836746,11.593230405761522
sar-data/tasks/ship_detection_testdata/071f4e19-fb30-423f-8031-30ac0a856ccd/2024-02-13-03-27-57_UMBRA-07/2024-02-13-03-27-57_UMBRA-07_METADATA.json,103.85195706102415,1.290268346934476
sar-data/tasks/ship_detection_testdata/13abcd6a-12d3-4f7a-a1d3-ed888461422b/2023-12-01-13-58-54_UMBRA-05/2023-12-01-13-58-54_UMBRA-05_METADATA.json,-68.91666326366672,12.100000273494638
sar-data/tasks/ship_detection_testdata/12928a13-4720-43f2-88d2-a4ab3df554ce/2023-12-02-09-49-19_UMBRA-06/2023-12-02-09-49-19_UMBRA-06_METADATA.json,4.916673649720871,52.349997435028484
sar-data/tasks/ship_detection_testdata/00f0e649-8618-45cc-9c6d-629a1576ec54/2023-03-25-02-22-27_UMBRA-04/2023-03-25-02-22-27_UMBRA-04_METADATA.json,103.6524510906899,1.293720199469127
sar-data/tasks/ship_detection_testdata/12031f3c-1720-45ed-8665-9b157df92f4f/2023-07-14-02-30-13_UMBRA-05/2023-07-14-02-30-13_UMBRA-05_METADATA.json,111.67277636825791,16.574754382308328
sar-data/tasks/ship_detection_testdata/030531ba-b900-4c4f-b7c8-820b194d2d35/2023-01-31-01-29-30_UMBRA-05/2023-01-31-01-29-30_UMBRA-05_METADATA.json,122.52903734807487,36.97261978055146
sar-data/tasks/ship_detection_testdata/12189f4a-b8c0-4b00-9060-a3a4e4e77e54/2023-10-28-02-11-00_UMBRA-04/2023-10-28-02-11-00_UMBRA-04_METADATA.json,-77.02767888185728,38.88924219797622
sar-data/tasks/ship_detection_testdata/1425f2e0-3376-4839-9c81-a31c99a330fe/2023-09-01-05-43-00_UMBRA-05/2023-09-01-05-43-00_UMBRA-05_METADATA.json,56.240004135862065,27.13969991030147
sar-data/tasks/ship_detection_testdata/1262fbb0-25d8-4f77-89c6-ed67a34f380f/2024-03-30-03-19-54_UMBRA-06/2024-03-30-03-19-54_UMBRA-06_METADATA.json,-77.99449978531764,33.8638005258796
sar-data/tasks/ship_detection_testdata/1604b311-8242-42b1-9041-74d11e5e1812/2023-03-07-01-32-07_UMBRA-05/2023-03-07-01-32-07_UMBRA-05_METADATA.json,132.3369914527838,43.125060637416524
sar-data/tasks/ship_detection_testdata/14b9d612-c60f-4446-b252-c635c8bbf63b/2023-07-02-14-24-53_UMBRA-06/2023-07-02-14-24-53_UMBRA-06_METADATA.json,-64.62917232221722,10.239160906372987
sar-data/tasks/ship_detection_testdata/15fe7e75-4361-4324-be48-44c061677d7f/2023-11-14-13-40-15_UMBRA-04/2023-11-14-13-40-15_UMBRA-04_METADATA.json,-64.09609860548855,10.901600560914313
sar-data/tasks/ship_detection_testdata/143c0675-717b-4bdf-bb05-b69e886209d9/2023-06-24-22-53-17_UMBRA-06/2023-06-24-22-53-17_UMBRA-06_METADATA.json,-5.428480308968182,36.13830267220909
sar-data/tasks/ship_detection_testdata/17549d7b-ed43-4ad1-852b-27c82c843710/2023-06-17-20-42-18_UMBRA-05/2023-06-17-20-42-18_UMBRA-05_METADATA.json,14.85979961671208,35.93410171374627
sar-data/tasks/ship_detection_testdata/15bb6870-cf10-4719-b31d-bbcc790c7533/2023-01-26-13-15-31_UMBRA-04/2023-01-26-13-15-31_UMBRA-04_METADATA.json,122.52903673688483,36.972617812933635
sar-data/tasks/ship_detection_testdata/1598e886-e701-4905-b3a1-c0fad2d4f32c/2023-07-15-00-36-19_UMBRA-04/2023-07-15-00-36-19_UMBRA-04_METADATA.json,135.37518135015634,35.4810225803229
sar-data/tasks/ship_detection_testdata/181d7831-db47-40e1-99a8-d8bf5df4a12f/2023-06-29-18-47-48_UMBRA-06/2023-06-29-18-47-48_UMBRA-06_METADATA.json,55.13523909456559,25.117310996503356
sar-data/tasks/ship_detection_testdata/16771c89-9cd3-45d7-9cb6-c93d818be0ff/2024-02-10-19-06-27_UMBRA-07/2024-02-10-19-06-27_UMBRA-07_METADATA.json,54.607004822861015,24.483520483922746
sar-data/tasks/ship_detection_testdata/166b9d95-d521-48f5-8a66-2a66ee702bf9/2023-08-29-02-43-48_UMBRA-05/2023-08-29-02-43-48_UMBRA-05_METADATA.json,-76.56487121812714,39.267667407760854
sar-data/tasks/ship_detection_testdata/17ab1a71-5166-42be-bd71-313c23a38ebc/2023-01-29-17-23-23_UMBRA-04/2023-01-29-17-23-23_UMBRA-04_METADATA.json,50.88595777804159,28.829623183253013
sar-data/tasks/ship_detection_testdata/17de6c4c-2ad1-451e-9d83-c06513ca3b68/2023-10-04-01-16-58_UMBRA-05/2023-10-04-01-16-58_UMBRA-05_METADATA.json,121.47861733360276,39.79639136631587
sar-data/tasks/ship_detection_testdata/181c4f79-b330-4366-a064-85006de452a2/2024-02-13-02-26-30_UMBRA-04/2024-02-13-02-26-30_UMBRA-04_METADATA.json,109.6827769982384,18.21083959328103
sar-data/tasks/ship_detection_testdata/166831ef-f7ce-4e6f-b7c3-cec49cfa0a0f/2024-03-02-18-38-23_UMBRA-06/2024-03-02-18-38-23_UMBRA-06_METADATA.json,42.95999756545728,13.345795826469002
sar-data/tasks/ship_detection_testdata/18939682-e5cd-41ff-b9c1-a82ef1b2f5ca/2023-04-05-02-13-36_UMBRA-05/2023-04-05-02-13-36_UMBRA-05_METADATA.json,121.74327617281192,31.348442317685354
sar-data/tasks/ship_detection_testdata/179d0e57-e2c6-4b76-9a74-2c84f4adae84/2023-02-26-12-59-08_UMBRA-04/2023-02-26-12-59-08_UMBRA-04_METADATA.json,125.38305686478985,38.71880304752084
sar-data/tasks/ship_detection_testdata/18755a72-7416-40f6-af91-6c0faac98342/2023-11-15-12-48-16_UMBRA-04/2023-11-15-12-48-16_UMBRA-04_METADATA.json,121.24600323293996,38.79570081753924
sar-data/tasks/ship_detection_testdata/183082eb-26bf-4dbc-b56c-fa1a4f8ad144/2023-10-01-12-37-00_UMBRA-05/2023-10-01-12-37-00_UMBRA-05_METADATA.json,119.45630567699448,34.68899897107508
sar-data/tasks/ship_detection_testdata/18af9cab-1369-4761-8e64-4fe4d33e6d77/2023-11-29-02-44-02_UMBRA-04/2023-11-29-02-44-02_UMBRA-04_METADATA.json,109.69112209697592,18.2041393602322
sar-data/tasks/ship_detection_testdata/01e48f3a-d9b4-4fe7-8d0c-77694dc3b411/2023-10-06-02-14-22_UMBRA-04/2023-10-06-02-14-22_UMBRA-04_METADATA.json,119.44228497366419,25.44138680948676
sar-data/tasks/ship_detection_testdata/0a0c1c33-6f28-4054-9fa6-be61b7073d82/2023-06-17-14-44-09_UMBRA-06/2023-06-17-14-44-09_UMBRA-06_METADATA.json,114.98332833555148,22.694445332373203
sar-data/tasks/ship_detection_testdata/1898d1de-d117-46b0-aed8-b42eb34d3e58/2023-12-01-06-40-58_UMBRA-06/2023-12-01-06-40-58_UMBRA-06_METADATA.json,54.36667199337003,24.466668473648614
sar-data/tasks/ship_detection_testdata/1926c0c7-2027-4941-918f-ddc70252f3f4/2023-09-22-05-43-09_UMBRA-05/2023-09-22-05-43-09_UMBRA-05_METADATA.json,56.06100064701752,27.10200133239145
sar-data/tasks/ship_detection_testdata/19074b74-52d2-4dca-8753-beba59c76668/2023-02-18-07-26-17_UMBRA-05/2023-02-18-07-26-17_UMBRA-05_METADATA.json,18.427698909815522,-33.90539905765139
sar-data/tasks/ship_detection_testdata/0b6a7b9b-bf2d-4960-97b1-3fcd593cc7d2/2023-12-20-05-52-54_UMBRA-05/2023-12-20-05-52-54_UMBRA-05_METADATA.json,43.31370242666911,12.595101233689915
sar-data/tasks/ship_detection_testdata/199b7de8-2762-4be7-b9bd-f5eff04780dd/2023-03-29-15-27-06_UMBRA-04/2023-03-29-15-27-06_UMBRA-04_METADATA.json,-77.0192047359969,38.783198965644594
sar-data/tasks/ship_detection_testdata/0b0358be-5b9b-4f76-b7f3-fe3b48e88948/2023-01-23-13-46-55_UMBRA-04/2023-01-23-13-46-55_UMBRA-04_METADATA.json,109.56084355759789,18.184731909970992
sar-data/tasks/ship_detection_testdata/19e6c114-9aee-4290-8eed-247cb22ce552/2024-03-29-14-36-17_UMBRA-05/2024-03-29-14-36-17_UMBRA-05_METADATA.json,95.83018879008846,6.013695699392725
sar-data/tasks/ship_detection_testdata/193d9d6f-df26-421a-b4c2-862c94e9469a/2023-01-25-06-02-54_UMBRA-04/2023-01-25-06-02-54_UMBRA-04_METADATA.json,51.531893568123124,25.286448750121345
sar-data/tasks/ship_detection_testdata/19f3c758-e2c4-4a3a-be42-2816b1ea4a47/2023-12-02-13-47-39_UMBRA-05/2023-12-02-13-47-39_UMBRA-05_METADATA.json,-68.00750049762561,10.489899343636939
sar-data/tasks/ship_detection_testdata/09e92122-f001-4b57-abe8-ce9129eb2612/2023-02-21-01-54-58_UMBRA-04/2023-02-21-01-54-58_UMBRA-04_METADATA.json,121.50199706920118,31.208001618104163
sar-data/tasks/ship_detection_testdata/19bea8db-41c0-4816-8ccb-93986e4b3bed/2023-08-26-02-21-55_UMBRA-05/2023-08-26-02-21-55_UMBRA-05_METADATA.json,112.34056022219842,16.834766737437196
sar-data/tasks/ship_detection_testdata/1a7b81dc-c62d-4d5f-9482-83befcf6b558/2023-08-27-03-42-51_UMBRA-05/2023-08-27-03-42-51_UMBRA-05_METADATA.json,83.27899881943532,17.690001888489807
sar-data/tasks/ship_detection_testdata/1a281433-f0a0-4bb1-961d-339b7f2f49d7/2023-06-16-02-28-03_UMBRA-04/2023-06-16-02-28-03_UMBRA-04_METADATA.json,111.74138462816127,16.46277845909682
sar-data/tasks/ship_detection_testdata/022a61a4-f125-48de-9b56-c7ebcd9ffd2f/2023-01-27-13-02-56_UMBRA-04/2023-01-27-13-02-56_UMBRA-04_METADATA.json,129.39444123001735,35.524526419844214
sar-data/tasks/ship_detection_testdata/1c7826e5-fbb8-4553-b3fd-40ad3e292952/2023-01-21-14-11-16_UMBRA-04/2023-01-21-14-11-16_UMBRA-04_METADATA.json,113.9218284440171,22.307300873218534
sar-data/tasks/ship_detection_testdata/1d949573-4f7f-4d25-b421-e8ec72064176/2023-02-05-07-01-34_UMBRA-04/2023-02-05-07-01-34_UMBRA-04_METADATA.json,46.65772274075959,12.51873128257182
sar-data/tasks/ship_detection_testdata/09de63fd-aaa1-46df-9b01-1bac54b09607/2023-05-23-01-29-30_UMBRA-05/2023-05-23-01-29-30_UMBRA-05_METADATA.json,119.49739898100358,23.367602506653
sar-data/tasks/ship_detection_testdata/0591079e-5d9c-4c67-9890-789fd45a04d8/2023-10-22-13-53-40_UMBRA-04/2023-10-22-13-53-40_UMBRA-04_METADATA.json,-61.516666088306124,10.649999711160834
sar-data/tasks/ship_detection_testdata/1a2b96cf-933f-4a05-b80f-606251474567/2023-12-26-23-58-31_UMBRA-05/2023-12-26-23-58-31_UMBRA-05_METADATA.json,131.87511122995238,43.091990983533925
sar-data/tasks/ship_detection_testdata/0b54ecf6-e568-45fd-8989-0c61b7b05672/2023-10-02-02-49-19_UMBRA-06/2023-10-02-02-49-19_UMBRA-06_METADATA.json,-70.035943207016,12.517410912283097
sar-data/tasks/ship_detection_testdata/1b64499e-f82c-4db7-a463-f411c62e43fc/2023-01-31-06-21-51_UMBRA-05/2023-01-31-06-21-51_UMBRA-05_METADATA.json,43.06078181707242,11.593231112930116
sar-data/tasks/ship_detection_testdata/1ec6c24e-2a31-4422-ad88-afc198217ce4/2023-01-31-06-17-16_UMBRA-05/2023-01-31-06-17-16_UMBRA-05_METADATA.json,56.19874485078333,27.141585462344448
sar-data/tasks/ship_detection_testdata/0b09ffe6-f725-4aa8-8ebb-a69d31ce9de9/2023-11-14-01-55-29_UMBRA-04/2023-11-14-01-55-29_UMBRA-04_METADATA.json,-62.15019791336511,10.24630049970136
sar-data/tasks/ship_detection_testdata/1c645d20-5d47-4271-a2e3-274cbd2018f1/2023-02-25-14-25-08_UMBRA-05/2023-02-25-14-25-08_UMBRA-05_METADATA.json,101.30015523789088,2.9396033168098725
sar-data/tasks/ship_detection_testdata/1b44bafc-3bf1-4212-adcf-bcf8f3a26ded/2023-02-26-02-06-09_UMBRA-05/2023-02-26-02-06-09_UMBRA-05_METADATA.json,124.98123721407242,38.59171097348446
sar-data/tasks/ship_detection_testdata/1e1f051d-4c81-4640-997d-1a03e967ad6a/2023-12-06-02-06-24_UMBRA-04/2023-12-06-02-06-24_UMBRA-04_METADATA.json,114.63189687165611,9.96920089231034
sar-data/tasks/ship_detection_testdata/0c1dd077-d72c-4801-88e5-f340e26e5282/2023-12-12-17-40-15_UMBRA-05/2023-12-12-17-40-15_UMBRA-05_METADATA.json,56.06100203492107,27.10200242806884
sar-data/tasks/ship_detection_testdata/0a8cb0df-12fb-4ddc-b914-6305965ea2e6/2024-02-08-07-32-48_UMBRA-04/2024-02-08-07-32-48_UMBRA-04_METADATA.json,32.322891607631654,30.57038279193859
sar-data/tasks/ship_detection_testdata/1f227033-552d-4efa-8694-0d1b00b9cc18/2023-12-13-01-19-29_UMBRA-04/2023-12-13-01-19-29_UMBRA-04_METADATA.json,122.17289626756926,29.961800417683012
sar-data/tasks/ship_detection_testdata/0a4f2685-0205-4ad9-ace9-a875f1a4633e/2023-01-18-17-53-43_UMBRA-05/2023-01-18-17-53-43_UMBRA-05_METADATA.json,55.13142252669502,25.118980855111776
sar-data/tasks/ship_detection_testdata/1f115b8e-dcde-42be-9388-7f955c0af3a0/2024-02-10-13-49-40_UMBRA-05/2024-02-10-13-49-40_UMBRA-05_METADATA.json,109.54762236266006,18.233233540842257
sar-data/tasks/ship_detection_testdata/08a7188f-fdd8-4755-acbd-c766f10ec552/2023-10-02-02-49-48_UMBRA-06/2023-10-02-02-49-48_UMBRA-06_METADATA.json,-70.01387909670004,12.500868178569819
sar-data/tasks/ship_detection_testdata/0990745e-6fb0-43a5-90bd-3ed808a106ea/2023-02-13-02-05-09_UMBRA-04/2023-02-13-02-05-09_UMBRA-04_METADATA.json,121.75044376204833,31.342369474487175
sar-data/tasks/ship_detection_testdata/22a2c9fd-b6f5-4c29-9625-7850d1b4ba47/2023-04-01-01-39-00_UMBRA-05/2023-04-01-01-39-00_UMBRA-05_METADATA.json,128.70191973870604,34.869057940944934
sar-data/tasks/ship_detection_testdata/099378fc-8f14-4bd7-9208-6e15d1d8aeac/2023-12-19-20-03-17_UMBRA-06/2023-12-19-20-03-17_UMBRA-06_METADATA.json,43.07509397014666,11.60420504937633
sar-data/tasks/ship_detection_testdata/1edfd6b9-4f8f-476f-a548-763618736c34/2023-06-14-13-22-50_UMBRA-04/2023-06-14-13-22-50_UMBRA-04_METADATA.json,114.98332890089922,22.69444513846945
sar-data/tasks/ship_detection_testdata/1f724042-b944-4f5f-aeed-333b9240051a/2023-04-05-12-48-10_UMBRA-05/2023-04-05-12-48-10_UMBRA-05_METADATA.json,121.74327629352982,31.348441834935443
sar-data/tasks/ship_detection_testdata/0ad40f83-0e82-47af-9467-a39471d08ed0/2023-08-12-18-18-14_UMBRA-06/2023-08-12-18-18-14_UMBRA-06_METADATA.json,62.33950123477697,25.1083006884083
sar-data/tasks/ship_detection_testdata/0baf46cc-2755-45f0-ac7b-1402a8b0fc4c/2024-03-28-03-28-57_UMBRA-08/2024-03-28-03-28-57_UMBRA-08_METADATA.json,-76.52469657376801,39.2214028433638
sar-data/tasks/ship_detection_testdata/2046f9b1-c48f-4a1c-a235-bf78d0d8f171/2023-07-23-09-55-18_UMBRA-04/2023-07-23-09-55-18_UMBRA-04_METADATA.json,-5.8071653377638075,35.777258003384816
sar-data/tasks/ship_detection_testdata/21e0cd87-82d7-44f4-8948-9845b785e1d9/2023-11-15-03-10-32_UMBRA-04/2023-11-15-03-10-32_UMBRA-04_METADATA.json,-79.55829650377943,8.960000044082465
sar-data/tasks/ship_detection_testdata/0a7aa5c2-eef4-4736-93ca-e1e1f6e1dad3/2023-12-15-12-47-22_UMBRA-04/2023-12-15-12-47-22_UMBRA-04_METADATA.json,120.31939709091738,36.0994997310365
sar-data/tasks/ship_detection_testdata/20a1850b-def6-4fa7-8f48-47e60fe169de/2023-01-26-17-52-31_UMBRA-05/2023-01-26-17-52-31_UMBRA-05_METADATA.json,56.19874553175469,27.1415858095675
sar-data/tasks/ship_detection_testdata/238e9dd0-4a7a-42ae-a08d-298e83b3d2e4/2023-12-21-00-54-13_UMBRA-05/2023-12-21-00-54-13_UMBRA-05_METADATA.json,127.76899126624899,26.352002194662877
sar-data/tasks/ship_detection_testdata/23dff0f6-615b-4ad7-bc1b-6f440b73a6e6/2023-07-13-15-18-40_UMBRA-04/2023-07-13-15-18-40_UMBRA-04_METADATA.json,-76.15216054380512,36.99454919168802
sar-data/tasks/ship_detection_testdata/230053ee-4b63-4a41-872d-9fc89972c256/2023-02-02-02-44-09_UMBRA-05/2023-02-02-02-44-09_UMBRA-05_METADATA.json,109.56084374839885,18.184731934255193
sar-data/tasks/ship_detection_testdata/018a5725-421c-4089-bea7-625f904dfd07/2023-11-01-13-52-39_UMBRA-05/2023-11-01-13-52-39_UMBRA-05_METADATA.json,-62.15019861802106,10.246299577227477
sar-data/tasks/ship_detection_testdata/23513be1-5fa9-4b76-83f7-db11be87d477/2023-01-29-12-39-03_UMBRA-04/2023-01-29-12-39-03_UMBRA-04_METADATA.json,120.57579987091877,36.1107734837011
sar-data/tasks/ship_detection_testdata/09909e88-ebad-4508-adb2-efbcf1967116/2024-02-19-02-27-10_UMBRA-07/2024-02-19-02-27-10_UMBRA-07_METADATA.json,129.09550254922604,35.08030007451021
sar-data/tasks/ship_detection_testdata/24615286-f3d4-40ca-bd17-a3e8d735b20a/2023-06-18-01-57-31_UMBRA-04/2023-06-18-01-57-31_UMBRA-04_METADATA.json,120.51300208303387,27.20199886081385
sar-data/tasks/ship_detection_testdata/23086b5f-efc7-494e-9db9-c085f5318cb7/2024-02-13-01-44-32_UMBRA-06/2024-02-13-01-44-32_UMBRA-06_METADATA.json,117.4643027690622,23.665600021019525
sar-data/tasks/ship_detection_testdata/27da93b3-2a3a-486b-8c15-56b69707de57/2023-06-18-14-29-39_UMBRA-06/2023-06-18-14-29-39_UMBRA-06_METADATA.json,122.52889201879887,36.97222345369028
sar-data/tasks/ship_detection_testdata/25e4c02a-d6f3-43f4-b00e-5b88410f97a8/2023-06-15-15-06-57_UMBRA-06/2023-06-15-15-06-57_UMBRA-06_METADATA.json,115.8203267379208,22.75253097070104
sar-data/tasks/ship_detection_testdata/24596bd6-f9c1-430a-abfe-7a9c15922c92/2023-02-01-14-56-04_UMBRA-05/2023-02-01-14-56-04_UMBRA-05_METADATA.json,103.62500806274981,1.2838217170334945
sar-data/tasks/ship_detection_testdata/24f8952c-35cb-47bc-82f9-5a651255c282/2023-02-10-15-20-54_UMBRA-05/2023-02-10-15-20-54_UMBRA-05_METADATA.json,-79.58138192763764,8.973668332433865
sar-data/tasks/ship_detection_testdata/23f368cd-f1b5-4de2-8f0c-0974d1321cc8/2023-06-14-02-02-23_UMBRA-06/2023-06-14-02-02-23_UMBRA-06_METADATA.json,120.51300175883947,27.201999267635127
sar-data/tasks/ship_detection_testdata/247f5e30-6c17-4817-bc08-d2679947c47d/2023-12-05-04-01-55_UMBRA-04/2023-12-05-04-01-55_UMBRA-04_METADATA.json,79.84029375863176,6.952096247585483
sar-data/tasks/ship_detection_testdata/26b9ac0c-37e4-4811-88e4-6a97292249f6/2023-07-02-15-38-57_UMBRA-04/2023-07-02-15-38-57_UMBRA-04_METADATA.json,83.27385682146482,17.69958882368511
sar-data/tasks/ship_detection_testdata/261e803e-030e-4a62-95f5-fe99c54e2f38/2023-06-15-15-15-40_UMBRA-05/2023-06-15-15-15-40_UMBRA-05_METADATA.json,-75.03060093001125,40.02420057183981
sar-data/tasks/ship_detection_testdata/27a8c3ae-c526-4b4e-a535-d0b88dc33e49/2023-07-02-16-40-10_UMBRA-06/2023-07-02-16-40-10_UMBRA-06_METADATA.json,83.30952459563956,17.680498750831863
sar-data/tasks/ship_detection_testdata/27ce1a91-eab8-4628-abe5-d5da991ec2fd/2023-02-12-17-26-54_UMBRA-05/2023-02-12-17-26-54_UMBRA-05_METADATA.json,54.6070426828162,24.483695711536203
sar-data/tasks/ship_detection_testdata/2a25a8ce-c12d-458f-9e22-14a1f536f4ef/2023-03-12-10-04-44_UMBRA-04/2023-03-12-10-04-44_UMBRA-04_METADATA.json,4.146302306166827,51.952553009988556
sar-data/tasks/ship_detection_testdata/28a8231a-26d6-491d-8e6d-d35ce4f2678c/2023-10-11-02-32-45_UMBRA-04/2023-10-11-02-32-45_UMBRA-04_METADATA.json,112.26055169194245,21.705869564402597
sar-data/tasks/ship_detection_testdata/28764024-0c2a-4894-9877-1ab63b68717b/2023-03-31-12-54-42_UMBRA-04/2023-03-31-12-54-42_UMBRA-04_METADATA.json,128.70192049848657,34.86905794027762
sar-data/tasks/ship_detection_testdata/0c4a34d4-671d-412f-a8c5-fcb7543fd220/2023-08-31-01-09-38_UMBRA-04/2023-08-31-01-09-38_UMBRA-04_METADATA.json,121.24334793726577,38.80079698711266
sar-data/tasks/ship_detection_testdata/2654b47d-2d68-4111-8683-fd1dbd3a1ac4/2023-02-11-02-01-10_UMBRA-04/2023-02-11-02-01-10_UMBRA-04_METADATA.json,-77.9439403114025,34.22572088444417
sar-data/tasks/ship_detection_testdata/2735baff-6a00-4d13-94d4-bccaedaa72bb/2023-09-04-12-28-43_UMBRA-04/2023-09-04-12-28-43_UMBRA-04_METADATA.json,120.31857462673939,36.093305384647245
sar-data/tasks/ship_detection_testdata/25adce0e-cbd9-4823-8d4f-1a6594227548/2023-06-15-19-55-16_UMBRA-06/2023-06-15-19-55-16_UMBRA-06_METADATA.json,43.140902267272644,11.602999400293472
sar-data/tasks/ship_detection_testdata/222b5e12-69bc-48cf-8da4-34f01c00aa92/2023-02-26-02-16-26_UMBRA-05/2023-02-26-02-16-26_UMBRA-05_METADATA.json,103.54949926910753,1.3580360369541278
sar-data/tasks/ship_detection_testdata/29043e9b-45be-4539-8575-fe5a796aa517/2023-11-09-15-07-14_UMBRA-04/2023-11-09-15-07-14_UMBRA-04_METADATA.json,-79.51740267503453,8.972800647633045
sar-data/tasks/ship_detection_testdata/22a5eff5-303a-4684-b362-ee49660a1f5d/2023-12-30-06-06-24_UMBRA-05/2023-12-30-06-06-24_UMBRA-05_METADATA.json,43.355200169451436,12.612301560648804
sar-data/tasks/ship_detection_testdata/24feef84-9c39-4218-977f-7d220c69f63b/2023-12-01-03-44-03_UMBRA-04/2023-12-01-03-44-03_UMBRA-04_METADATA.json,79.83572453513528,6.953564482849396
sar-data/tasks/ship_detection_testdata/2a592ef4-aa6d-4788-bf82-f97de65d7dde/2024-02-17-02-44-33_UMBRA-07/2024-02-17-02-44-33_UMBRA-07_METADATA.json,119.99371196254387,35.72680753660347
sar-data/tasks/ship_detection_testdata/27f6cb09-192b-400a-878c-fb40ff0a44f8/2023-07-21-02-31-16_UMBRA-04/2023-07-21-02-31-16_UMBRA-04_METADATA.json,109.68900185399576,18.189501080012928
sar-data/tasks/ship_detection_testdata/28af8c5e-0d28-4734-84b7-5a5bc531bc83/2023-02-06-12-37-13_UMBRA-04/2023-02-06-12-37-13_UMBRA-04_METADATA.json,121.01116783112435,40.71372975001954
sar-data/tasks/ship_detection_testdata/2593298c-7b77-4da7-90af-00f6dcadd8a8/2023-08-13-16-33-17_UMBRA-06/2023-08-13-16-33-17_UMBRA-06_METADATA.json,83.2789985157364,17.690001098458076
sar-data/tasks/ship_detection_testdata/2a7bcab1-2390-4ff9-b09f-8162dfdd893e/2024-01-09-05-59-09_UMBRA-06/2024-01-09-05-59-09_UMBRA-06_METADATA.json,53.65637780023197,24.842719263086416
sar-data/tasks/ship_detection_testdata/287fd6e2-9cbd-4d61-b93f-9f0127f1edba/2023-07-13-15-17-40_UMBRA-04/2023-07-13-15-17-40_UMBRA-04_METADATA.json,-76.48609887887193,38.98470164410456
sar-data/tasks/ship_detection_testdata/26dc9aa3-2717-4723-b3c9-6ccc7b9b5998/2023-08-08-19-05-34_UMBRA-06/2023-08-08-19-05-34_UMBRA-06_METADATA.json,55.95870066298491,26.70900086841868
sar-data/tasks/ship_detection_testdata/2b4791ca-f590-48f3-81de-2e9b1d7356c3/2023-12-30-02-56-59_UMBRA-04/2023-12-30-02-56-59_UMBRA-04_METADATA.json,-77.08059640207286,38.89590496321415
sar-data/tasks/ship_detection_testdata/2b2fd69c-ad7f-4369-aa08-72b857e8bde7/2023-09-05-01-38-10_UMBRA-04/2023-09-05-01-38-10_UMBRA-04_METADATA.json,119.98957020547515,35.72205579933812
sar-data/tasks/ship_detection_testdata/28a86a34-07c6-41f1-9530-175759bd4253/2023-06-14-13-27-15_UMBRA-04/2023-06-14-13-27-15_UMBRA-04_METADATA.json,121.38333303392938,36.70833299041146
sar-data/tasks/ship_detection_testdata/2dcd7b6e-4096-4ded-a84d-d6a2eb70316a/2024-02-15-01-33-04_UMBRA-04/2024-02-15-01-33-04_UMBRA-04_METADATA.json,119.99371340724412,35.72681247884432
sar-data/tasks/ship_detection_testdata/2d1c43ef-57e1-4a00-9aff-396682fd1559/2023-07-11-06-18-18_UMBRA-04/2023-07-11-06-18-18_UMBRA-04_METADATA.json,53.620498904615935,24.851800889066844
sar-data/tasks/ship_detection_testdata/28b86613-1e53-42f9-b7e4-74bfbdd08ccf/2023-05-19-20-52-27_UMBRA-04/2023-05-19-20-52-27_UMBRA-04_METADATA.json,18.438801216455758,-33.90780125083659
sar-data/tasks/ship_detection_testdata/2a864afc-e5a1-4e9d-8cba-ebb6bf7e885e/2023-02-13-17-24-23_UMBRA-04/2023-02-13-17-24-23_UMBRA-04_METADATA.json,54.60704237755937,24.483695497480664
sar-data/tasks/ship_detection_testdata/2ce85c4f-1184-4d93-95d9-c7609b2ff310/2024-02-13-01-46-04_UMBRA-06/2024-02-13-01-46-04_UMBRA-06_METADATA.json,121.76982193403252,29.53602953446244
sar-data/tasks/ship_detection_testdata/2e249b81-1b12-4d6c-8aa7-9a0b84554afe/2023-02-06-02-57-18_UMBRA-04/2023-02-06-02-57-18_UMBRA-04_METADATA.json,-79.58138212461259,8.973668948414284
sar-data/tasks/ship_detection_testdata/301f70be-d5b6-46ee-b675-7f5403afb8eb/2023-01-21-12-39-51_UMBRA-04/2023-01-21-12-39-51_UMBRA-04_METADATA.json,129.39444090035138,35.52452659647717
sar-data/tasks/ship_detection_testdata/2d5dc664-593c-4ec9-aca3-9650ec282b9e/2023-12-20-03-20-16_UMBRA-06/2023-12-20-03-20-16_UMBRA-06_METADATA.json,109.55100880463712,18.18960576557372
sar-data/tasks/ship_detection_testdata/2f455743-016a-45ac-9714-3afae463c48d/2024-03-09-01-17-00_UMBRA-04/2024-03-09-01-17-00_UMBRA-04_METADATA.json,119.467802230692,24.945830587973155
sar-data/tasks/ship_detection_testdata/2f6d74c0-5a7f-4981-b27b-708cc0cea54e/2023-11-15-03-11-32_UMBRA-04/2023-11-15-03-11-32_UMBRA-04_METADATA.json,-79.51740269618143,8.972800209333545
sar-data/tasks/ship_detection_testdata/313c8982-5c0b-467c-b3fd-6461444c8a54/2023-10-11-13-02-09_UMBRA-04/2023-10-11-13-02-09_UMBRA-04_METADATA.json,120.28299781926977,27.04400162753911
sar-data/tasks/ship_detection_testdata/2fd627f7-2bc0-4671-a34a-f04be6b97b22/2023-11-29-14-21-00_UMBRA-05/2023-11-29-14-21-00_UMBRA-05_METADATA.json,-68.00750067645434,10.489898691514288
sar-data/tasks/ship_detection_testdata/2e446959-7afc-4f23-a330-2a64e8936c7b/2023-05-24-06-00-01_UMBRA-05/2023-05-24-06-00-01_UMBRA-05_METADATA.json,50.83000252853141,28.903055844423616
sar-data/tasks/ship_detection_testdata/2a50e27d-b75e-4ce9-8da3-039ed943623b/2023-01-23-02-43-34_UMBRA-04/2023-01-23-02-43-34_UMBRA-04_METADATA.json,-89.9873127521202,29.932531493022772
sar-data/tasks/ship_detection_testdata/28bf1d09-dd7b-4483-b92c-018dc996e066/2023-06-14-13-24-07_UMBRA-05/2023-06-14-13-24-07_UMBRA-05_METADATA.json,120.15499897532878,26.803610270775966
sar-data/tasks/ship_detection_testdata/2a8b69b5-a51a-4e20-ac7b-d84c958440cb/2024-03-08-17-17-37_UMBRA-05/2024-03-08-17-17-37_UMBRA-05_METADATA.json,54.42079978307468,24.528900050366786
sar-data/tasks/ship_detection_testdata/2f0cab53-f242-48de-b943-6333b5e8efae/2024-03-31-16-42-51_UMBRA-06/2024-03-31-16-42-51_UMBRA-06_METADATA.json,-95.19609819861358,16.172501321160855
sar-data/tasks/ship_detection_testdata/33abf1dc-ab1f-497c-bfed-23cd12d163bd/2023-01-29-17-22-29_UMBRA-04/2023-01-29-17-22-29_UMBRA-04_METADATA.json,56.059836954585194,27.100509754053224
sar-data/tasks/ship_detection_testdata/2f4d8786-36bd-4357-9ef9-c7c06ff8bf31/2023-09-06-01-22-58_UMBRA-05/2023-09-06-01-22-58_UMBRA-05_METADATA.json,119.98437458639775,35.72251998495605
sar-data/tasks/ship_detection_testdata/2d8de5f1-136c-4db8-9200-29847df31395/2023-10-28-09-51-46_UMBRA-05/2023-10-28-09-51-46_UMBRA-05_METADATA.json,-2.099998287210643,49.18333509903175
sar-data/tasks/ship_detection_testdata/2e850235-29d6-46aa-8f06-244637a056b7/2023-09-28-13-17-24_UMBRA-05/2023-09-28-13-17-24_UMBRA-05_METADATA.json,121.73930435827225,31.35280238443398
sar-data/tasks/ship_detection_testdata/2ba4b502-ad8f-4695-a4be-e7d78454d61b/2023-06-29-05-50-23_UMBRA-05/2023-06-29-05-50-23_UMBRA-05_METADATA.json,54.453278647860024,24.427975306735405
sar-data/tasks/ship_detection_testdata/32ced437-93d1-4eb3-aa03-bfa9886d62a3/2024-03-29-03-11-46_UMBRA-04/2024-03-29-03-11-46_UMBRA-04_METADATA.json,100.55863237408063,3.366450616312608
sar-data/tasks/ship_detection_testdata/32932a11-709f-4c36-bb05-50458d994c06/2023-05-20-14-26-20_UMBRA-04/2023-05-20-14-26-20_UMBRA-04_METADATA.json,103.7639010973777,1.2793003221669361
sar-data/tasks/ship_detection_testdata/3402cf0a-d035-4833-a9cb-157ec1ed7919/2023-06-30-00-47-06_UMBRA-04/2023-06-30-00-47-06_UMBRA-04_METADATA.json,131.91947766547233,43.08060777942942
sar-data/tasks/ship_detection_testdata/31b88cf1-262c-4e3e-abe1-3b24465fecbb/2023-09-04-01-54-44_UMBRA-05/2023-09-04-01-54-44_UMBRA-05_METADATA.json,109.54985790561246,18.20758850515453
sar-data/tasks/ship_detection_testdata/3138c7bb-c40b-42ec-a778-2bfe8df34eab/2023-05-26-02-28-49_UMBRA-05/2023-05-26-02-28-49_UMBRA-05_METADATA.json,99.74289560257174,6.251800015794005
sar-data/tasks/ship_detection_testdata/35bdde11-5e3f-4588-8444-a8af68f61c3a/2023-02-25-02-38-36_UMBRA-04/2023-02-25-02-38-36_UMBRA-04_METADATA.json,110.43861646673761,21.22833412339217
sar-data/tasks/ship_detection_testdata/2effb01c-2cc0-415f-8cd3-e913cd98f2c6/2023-01-17-21-27-12_UMBRA-04/2023-01-17-21-27-12_UMBRA-04_METADATA.json,1.8624514786132587,50.96960375469074
sar-data/tasks/ship_detection_testdata/30980b13-a9cb-48ef-b7f4-abbbe89d06e0/2023-07-02-02-01-23_UMBRA-05/2023-07-02-02-01-23_UMBRA-05_METADATA.json,111.67277555452677,16.574754395428606
sar-data/tasks/ship_detection_testdata/33386592-f7cb-4679-b90c-9b709523e877/2023-07-05-15-30-26_UMBRA-05/2023-07-05-15-30-26_UMBRA-05_METADATA.json,-76.12373996135221,36.98243094686869
sar-data/tasks/ship_detection_testdata/355d53fd-6675-4fec-9f18-7c80bacde49e/2023-11-01-14-16-18_UMBRA-04/2023-11-01-14-16-18_UMBRA-04_METADATA.json,-64.09609902230373,10.901600525536926
sar-data/tasks/ship_detection_testdata/2fbb984d-d45d-4594-995c-30960308800c/2023-07-13-07-21-38_UMBRA-05/2023-07-13-07-21-38_UMBRA-05_METADATA.json,28.980159086941512,41.008506405604514
sar-data/tasks/ship_detection_testdata/346be4ec-df86-492b-92d2-d19856ae82a7/2023-12-01-18-06-44_UMBRA-05/2023-12-01-18-06-44_UMBRA-05_METADATA.json,50.56666791284531,26.233335725723748
sar-data/tasks/ship_detection_testdata/3640b5c7-ef4a-4a87-a45c-68a100fed2aa/2023-10-01-14-30-15_UMBRA-04/2023-10-01-14-30-15_UMBRA-04_METADATA.json,-76.39856733969906,38.999436080088344
sar-data/tasks/ship_detection_testdata/368b4ba2-26b5-4172-874f-e713c25d16a9/2023-08-16-05-49-15_UMBRA-06/2023-08-16-05-49-15_UMBRA-06_METADATA.json,62.34000098941359,25.108000571691704
sar-data/tasks/ship_detection_testdata/2c76a6f8-aaee-4bcc-90d8-1c330bb8c074/2023-04-05-02-37-19_UMBRA-04/2023-04-05-02-37-19_UMBRA-04_METADATA.json,117.75068756836659,38.98327299826803
sar-data/tasks/ship_detection_testdata/37a5523e-bdc3-4999-864b-0b22790f1916/2023-07-18-06-17-12_UMBRA-05/2023-07-18-06-17-12_UMBRA-05_METADATA.json,56.210189582772806,27.144887301139505
sar-data/tasks/ship_detection_testdata/3977bd82-8e75-4db9-8bbe-a64d0e3ca5af/2023-04-22-15-15-15_UMBRA-05/2023-04-22-15-15-15_UMBRA-05_METADATA.json,-76.39920089349283,39.323701892470524
sar-data/tasks/ship_detection_testdata/3986b4bf-7c6b-442f-8f3f-c2b4e00e4ca3/2023-07-02-00-19-24_UMBRA-04/2023-07-02-00-19-24_UMBRA-04_METADATA.json,132.4162279577551,42.93634283199577
sar-data/tasks/ship_detection_testdata/36aa8a0f-97f9-454e-bccc-b990813e1ef0/2023-11-13-15-21-50_UMBRA-05/2023-11-13-15-21-50_UMBRA-05_METADATA.json,91.79560150882239,22.288099909757715
sar-data/tasks/ship_detection_testdata/380e9b8d-e0e3-4ca0-b1c9-548ecab1d15f/2023-01-22-17-11-06_UMBRA-04/2023-01-22-17-11-06_UMBRA-04_METADATA.json,54.60683936052876,24.483599677968613
sar-data/tasks/ship_detection_testdata/381f26be-a720-4b76-8761-59afed450a3a/2023-12-08-03-46-51_UMBRA-06/2023-12-08-03-46-51_UMBRA-06_METADATA.json,103.75720265141328,1.2554997648910184
sar-data/tasks/ship_detection_testdata/3662e80b-c8db-47f9-bfa7-43100cce2a5b/2024-02-25-06-24-43_UMBRA-08/2024-02-25-06-24-43_UMBRA-08_METADATA.json,60.426898681246534,25.30240124326473
sar-data/tasks/ship_detection_testdata/37549db3-d43a-41df-862e-9067ef304c22/2023-06-30-05-15-02_UMBRA-06/2023-06-30-05-15-02_UMBRA-06_METADATA.json,79.85153216417369,6.957100848501152
sar-data/tasks/ship_detection_testdata/39ed2cff-7f84-45a6-810f-c8c466b6fe49/2024-03-26-15-26-53_UMBRA-04/2024-03-26-15-26-53_UMBRA-04_METADATA.json,-76.52529857211901,39.21950348618819
sar-data/tasks/ship_detection_testdata/3624fa64-fe4c-4d19-a826-a47568147c5d/2023-12-02-01-46-08_UMBRA-04/2023-12-02-01-46-08_UMBRA-04_METADATA.json,114.15136033212364,22.29610668602823
sar-data/tasks/ship_detection_testdata/347565f6-0bd0-478e-85e6-8d9070ddd8c1/2023-12-24-07-10-07_UMBRA-04/2023-12-24-07-10-07_UMBRA-04_METADATA.json,43.075095698439945,11.604203635236116
sar-data/tasks/ship_detection_testdata/329f679d-3392-49c0-8ea7-391080ddeaef/2023-06-30-13-59-25_UMBRA-06/2023-06-30-13-59-25_UMBRA-06_METADATA.json,122.98333140844021,-8.350000384035098
sar-data/tasks/ship_detection_testdata/39b8b50c-c158-4e99-95cb-e68b06d82708/2023-10-01-14-40-22_UMBRA-05/2023-10-01-14-40-22_UMBRA-05_METADATA.json,-76.35166191251287,38.98654531083947
sar-data/tasks/ship_detection_testdata/34840aea-f793-4d39-b8bd-49954cb4b0c4/2023-01-18-21-15-14_UMBRA-04/2023-01-18-21-15-14_UMBRA-04_METADATA.json,3.2025408385346026,51.346442202961384
sar-data/tasks/ship_detection_testdata/3879ef4e-95dd-4ad1-96cb-c3b1ebbe3f61/2023-10-26-21-41-40_UMBRA-04/2023-10-26-21-41-40_UMBRA-04_METADATA.json,-5.349997136941743,36.13333676602511
sar-data/tasks/ship_detection_testdata/38460c1f-6df4-49fa-8c62-f2f6c58afba8/2023-10-13-12-53-58_UMBRA-05/2023-10-13-12-53-58_UMBRA-05_METADATA.json,120.51675624532714,27.200970432794552
sar-data/tasks/ship_detection_testdata/3a2cce1c-a3a2-4c8b-9e33-4e94fccadc0d/2023-06-07-13-25-12_UMBRA-05/2023-06-07-13-25-12_UMBRA-05_METADATA.json,122.5290368332719,36.97261819681949
sar-data/tasks/ship_detection_testdata/39463f75-3012-4b9e-a860-fe5537673b78/2023-05-10-10-08-11_UMBRA-06/2023-05-10-10-08-11_UMBRA-06_METADATA.json,18.434866096761887,-33.91310191741368
sar-data/tasks/ship_detection_testdata/313d6411-8195-4169-bbab-b030c9299062/2023-01-26-17-58-22_UMBRA-04/2023-01-26-17-58-22_UMBRA-04_METADATA.json,55.97384786480607,27.050181688899197
sar-data/tasks/ship_detection_testdata/396bfd47-bf19-4fbf-b82b-1c5184817115/2023-10-02-13-43-04_UMBRA-04/2023-10-02-13-43-04_UMBRA-04_METADATA.json,119.44228485452282,25.44138670587891
sar-data/tasks/ship_detection_testdata/3c4bb9d8-04b2-47f5-ad58-94f9984c6632/2023-11-02-10-22-42_UMBRA-05/2023-11-02-10-22-42_UMBRA-05_METADATA.json,-9.13815807982072,38.72142728245505
sar-data/tasks/ship_detection_testdata/3ee2e79b-1d2d-48bc-9b89-c6f759ea2b7c/2023-10-06-14-18-19_UMBRA-04/2023-10-06-14-18-19_UMBRA-04_METADATA.json,112.26055156541544,21.70586970340593
sar-data/tasks/ship_detection_testdata/3de4ab33-0f4f-4d0e-93d0-80a76703e707/2023-06-14-15-14-50_UMBRA-06/2023-06-14-15-14-50_UMBRA-06_METADATA.json,119.4597245712355,34.68694288841177
sar-data/tasks/ship_detection_testdata/3b0d3c69-c4ae-45bb-9ae3-6eda2e5aa5ba/2023-10-06-02-08-27_UMBRA-04/2023-10-06-02-08-27_UMBRA-04_METADATA.json,121.47861737010156,39.79639162167291
sar-data/tasks/ship_detection_testdata/3b3d53f4-770a-40b7-b69d-b887d83f02b9/2023-05-22-18-51-30_UMBRA-04/2023-05-22-18-51-30_UMBRA-04_METADATA.json,26.29619954514695,40.030204102931044
sar-data/tasks/ship_detection_testdata/3d0e9107-cd89-4d41-bddc-34e834038249/2023-03-22-01-21-50_UMBRA-04/2023-03-22-01-21-50_UMBRA-04_METADATA.json,121.61740992184247,38.940092224371625
sar-data/tasks/ship_detection_testdata/3fe88fdf-927d-474f-b96c-bab95c652c58/2023-12-08-07-05-48_UMBRA-06/2023-12-08-07-05-48_UMBRA-06_METADATA.json,50.8430078473597,28.942001797039417
sar-data/tasks/ship_detection_testdata/3fcc50e4-413f-4782-b75a-cf3a0b662c12/2023-01-18-07-20-11_UMBRA-05/2023-01-18-07-20-11_UMBRA-05_METADATA.json,32.3114795779341,31.422804131448064
sar-data/tasks/ship_detection_testdata/426ccb28-5378-4661-8d9d-076114b0dbcf/2023-02-25-12-55-28_UMBRA-05/2023-02-25-12-55-28_UMBRA-05_METADATA.json,120.46906087221004,24.30211267366696
sar-data/tasks/ship_detection_testdata/40122959-abab-420d-b735-e8a764fed344/2023-10-13-01-59-31_UMBRA-04/2023-10-13-01-59-31_UMBRA-04_METADATA.json,121.64110437769483,29.100361296545643
sar-data/tasks/ship_detection_testdata/40f56e90-ccc9-427f-b27c-b0d0dc0757f7/2023-08-09-19-57-41_UMBRA-05/2023-08-09-19-57-41_UMBRA-05_METADATA.json,19.908899176363743,54.64250276099674
sar-data/tasks/ship_detection_testdata/414c7357-72eb-45b7-8259-4ef12a534cbb/2023-09-10-02-03-23_UMBRA-04/2023-09-10-02-03-23_UMBRA-04_METADATA.json,124.4410019194492,39.74060226415498
sar-data/tasks/ship_detection_testdata/41986129-bdf4-44a6-91a8-c94509dd7c44/2023-05-26-14-34-22_UMBRA-04/2023-05-26-14-34-22_UMBRA-04_METADATA.json,99.71479833026932,6.250200115885778
sar-data/tasks/ship_detection_testdata/44ecdbcb-8629-44b2-bba3-3ef50b6f9bd5/2023-03-21-11-55-30_UMBRA-05/2023-03-21-11-55-30_UMBRA-05_METADATA.json,132.3370054712044,43.12500084800274
sar-data/tasks/ship_detection_testdata/41c7332d-895f-44cc-977e-7b0be06804c0/2023-06-17-12-47-57_UMBRA-05/2023-06-17-12-47-57_UMBRA-05_METADATA.json,120.54582850343645,40.35139184555679
sar-data/tasks/ship_detection_testdata/3f68d15f-4245-4290-a627-94f1a3c93bff/2023-10-07-14-02-41_UMBRA-04/2023-10-07-14-02-41_UMBRA-04_METADATA.json,114.54318155771358,22.597550895540458
sar-data/tasks/ship_detection_testdata/3e08e05e-8482-405a-8bfc-95cccb317313/2024-01-01-02-10-11_UMBRA-04/2024-01-01-02-10-11_UMBRA-04_METADATA.json,-68.00749992037083,10.4898992065477
sar-data/tasks/ship_detection_testdata/3a5f7817-3d7f-486b-b24c-22034179fb1a/2023-06-20-06-16-23_UMBRA-05/2023-06-20-06-16-23_UMBRA-05_METADATA.json,54.6072981280972,24.484697990261132
sar-data/tasks/ship_detection_testdata/3e7c49dd-990f-4bfe-835b-d2d0c5be61f5/2023-12-11-13-04-08_UMBRA-05/2023-12-11-13-04-08_UMBRA-05_METADATA.json,127.76900867190736,26.352005041365338
sar-data/tasks/ship_detection_testdata/411b858f-0f01-4877-91a3-3ac8f77a570f/2024-02-21-14-14-57_UMBRA-04/2024-02-21-14-14-57_UMBRA-04_METADATA.json,110.43299873667542,21.228001261589153
sar-data/tasks/ship_detection_testdata/44f6a3f9-2ab7-4a12-9073-a877df4a689c/2023-10-13-02-23-25_UMBRA-05/2023-10-13-02-23-25_UMBRA-05_METADATA.json,115.81805433464572,22.744443583719782
sar-data/tasks/ship_detection_testdata/41c18788-d555-4aaa-8e04-a355f9887aa7/2023-06-20-06-14-19_UMBRA-06/2023-06-20-06-14-19_UMBRA-06_METADATA.json,-109.90866892620005,22.881020159462096
sar-data/tasks/ship_detection_testdata/42f6d54d-cc32-401c-a641-53b48a98c5cd/2023-06-26-02-54-44_UMBRA-06/2023-06-26-02-54-44_UMBRA-06_METADATA.json,113.57584959281037,22.20685903512386
sar-data/tasks/ship_detection_testdata/3a82ac31-5c77-4048-a6b5-644726cd4ca7/2023-06-30-17-04-23_UMBRA-06/2023-06-30-17-04-23_UMBRA-06_METADATA.json,80.30760971977527,13.097899895964192
sar-data/tasks/ship_detection_testdata/44fa54c5-31bf-4797-9c2a-40d788f0e9b1/2023-09-16-01-49-07_UMBRA-05/2023-09-16-01-49-07_UMBRA-05_METADATA.json,-76.46189951084386,38.96779963112051
sar-data/tasks/ship_detection_testdata/3aae9e4a-b9e2-4bf3-b798-a58d1348a8c5/2023-08-30-01-22-32_UMBRA-05/2023-08-30-01-22-32_UMBRA-05_METADATA.json,119.98437553819339,35.72251964620508
sar-data/tasks/ship_detection_testdata/450316a0-fe18-4a33-a235-962225b36f6e/2023-09-06-02-30-06_UMBRA-05/2023-09-06-02-30-06_UMBRA-05_METADATA.json,-77.06317855310108,38.8693546017339
sar-data/tasks/ship_detection_testdata/456d6014-cd64-4a69-a1b8-cb97fdad0050/2024-02-07-01-59-08_UMBRA-05/2024-02-07-01-59-08_UMBRA-05_METADATA.json,117.47170321373828,23.675101350084777
sar-data/tasks/ship_detection_testdata/42592863-b823-4edc-a47f-dafa7c169d1a/2023-12-30-00-17-36_UMBRA-04/2023-12-30-00-17-36_UMBRA-04_METADATA.json,131.8750795506804,43.09200270840869
sar-data/tasks/ship_detection_testdata/44fd0676-a035-4e29-9ab0-edbd9e901461/2024-03-21-12-37-56_UMBRA-05/2024-03-21-12-37-56_UMBRA-05_METADATA.json,121.00309782581105,40.713403891640375
sar-data/tasks/ship_detection_testdata/459b9db5-2dc2-412f-b6a1-3065839bdd82/2024-02-20-02-41-30_UMBRA-04/2024-02-20-02-41-30_UMBRA-04_METADATA.json,110.43299899480104,21.228002224335945
sar-data/tasks/ship_detection_testdata/45d87ea3-980e-4e69-93b7-2c1b8417b094/2023-01-29-02-00-56_UMBRA-04/2023-01-29-02-00-56_UMBRA-04_METADATA.json,120.57580064592565,36.110773237961695
sar-data/tasks/ship_detection_testdata/4689c0e1-345c-445f-be15-ddad72920f6e/2023-09-19-06-38-59_UMBRA-06/2023-09-19-06-38-59_UMBRA-06_METADATA.json,56.061000213760224,27.102001654044884
sar-data/tasks/ship_detection_testdata/3a8722fc-62ed-4ffe-9b2a-0ad8bce8a169/2023-07-02-00-21-07_UMBRA-04/2023-07-02-00-21-07_UMBRA-04_METADATA.json,135.37518057939445,35.48102230742241
sar-data/tasks/ship_detection_testdata/45146602-f81b-4402-a2db-8677fe02dad8/2023-08-15-16-54-32_UMBRA-05/2023-08-15-16-54-32_UMBRA-05_METADATA.json,62.3395013373104,25.10830064543623
sar-data/tasks/ship_detection_testdata/4449c345-0b86-4b23-a14a-f9c770839afc/2024-03-09-01-15-51_UMBRA-04/2024-03-09-01-15-51_UMBRA-04_METADATA.json,119.48741113370535,24.99290593034051
sar-data/tasks/ship_detection_testdata/4399671e-d205-470a-a229-dcf3ae8488a5/2023-06-27-14-23-37_UMBRA-06/2023-06-27-14-23-37_UMBRA-06_METADATA.json,122.02204212269046,30.654160264450244
sar-data/tasks/ship_detection_testdata/43322d44-13cf-4255-9c43-44fb75c074e8/2023-10-29-13-33-06_UMBRA-04/2023-10-29-13-33-06_UMBRA-04_METADATA.json,-61.51666605607686,10.649999985245607
sar-data/tasks/ship_detection_testdata/45d9a404-5410-48a1-8ae1-f3bf024b78fc/2023-10-06-02-10-34_UMBRA-04/2023-10-06-02-10-34_UMBRA-04_METADATA.json,121.38549043541626,36.71032289522137
sar-data/tasks/ship_detection_testdata/4606328d-cf63-47aa-806d-2201f18967bd/2024-03-07-11-26-07_UMBRA-04/2024-03-07-11-26-07_UMBRA-04_METADATA.json,-1.113600047743151,50.79809947068393
sar-data/tasks/ship_detection_testdata/47d9964f-e414-4b15-bd07-57fcf88d26f8/2023-10-22-14-32-44_UMBRA-05/2023-10-22-14-32-44_UMBRA-05_METADATA.json,-70.03333628429966,12.516667409893511
sar-data/tasks/ship_detection_testdata/471f42ea-6737-4518-a1a6-4c97c559a9e2/2023-04-16-01-31-43_UMBRA-04/2023-04-16-01-31-43_UMBRA-04_METADATA.json,120.2718115261458,22.692846223411973
sar-data/tasks/ship_detection_testdata/441fe3a4-de4d-458e-94a3-e02b14b65193/2023-09-13-09-15-29_UMBRA-04/2023-09-13-09-15-29_UMBRA-04_METADATA.json,1.3554485371808782,51.13449165672789
sar-data/tasks/ship_detection_testdata/45fcc4b8-8449-4d43-9f46-27ae95544ca2/2023-02-06-01-49-02_UMBRA-05/2023-02-06-01-49-02_UMBRA-05_METADATA.json,128.70192078195203,34.86905754085955
sar-data/tasks/ship_detection_testdata/444a15a6-3b28-4695-97df-13dcc66b865c/2023-01-30-17-03-47_UMBRA-05/2023-01-30-17-03-47_UMBRA-05_METADATA.json,56.06092325337485,27.10159051588785
sar-data/tasks/ship_detection_testdata/494cb134-5de2-4f12-bf00-49b056c62904/2023-09-15-15-20-23_UMBRA-06/2023-09-15-15-20-23_UMBRA-06_METADATA.json,-79.56940447018633,8.956992900704337
sar-data/tasks/ship_detection_testdata/4898f291-6fe3-40a1-8e03-7d11b24c754a/2023-07-12-13-27-03_UMBRA-04/2023-07-12-13-27-03_UMBRA-04_METADATA.json,121.56520735505038,31.378816464269395
sar-data/tasks/ship_detection_testdata/48e615cf-73b9-4754-8e9d-f276ef2c5b4f/2023-12-08-09-14-54_UMBRA-04/2023-12-08-09-14-54_UMBRA-04_METADATA.json,-5.39510071001019,36.13760312306885
sar-data/tasks/ship_detection_testdata/47fe04db-b8c6-4f49-8e69-10b15f544f36/2023-09-14-03-34-36_UMBRA-06/2023-09-14-03-34-36_UMBRA-06_METADATA.json,-79.56940547900355,8.956993316964478
sar-data/tasks/ship_detection_testdata/468b3623-b6e6-41e7-83c6-2fc440fcc79f/2023-12-04-15-52-32_UMBRA-05/2023-12-04-15-52-32_UMBRA-05_METADATA.json,79.8402939966708,6.952095683877658
sar-data/tasks/ship_detection_testdata/4993da2e-8f4c-40a9-bb79-f06dfb5e34c4/2023-01-28-14-15-06_UMBRA-05/2023-01-28-14-15-06_UMBRA-05_METADATA.json,109.55519843667966,18.216833079126648
sar-data/tasks/ship_detection_testdata/4c0e9724-d2fb-4c78-9f21-d997625e2874/2023-06-29-17-14-07_UMBRA-06/2023-06-29-17-14-07_UMBRA-06_METADATA.json,83.30952497864196,17.680498635140083
sar-data/tasks/ship_detection_testdata/4b1aae9b-7a3b-404e-a59d-6fee5a4a5174/2023-03-17-08-35-25_UMBRA-05/2023-03-17-08-35-25_UMBRA-05_METADATA.json,27.156000139900687,38.44699894943809
sar-data/tasks/ship_detection_testdata/49422aa1-d2b9-4ae7-8d74-920bc79fb2a8/2023-11-15-14-52-17_UMBRA-05/2023-11-15-14-52-17_UMBRA-05_METADATA.json,103.62780763597084,1.2720547860128408
sar-data/tasks/ship_detection_testdata/4772ecdb-111e-4b3d-9006-7564494e8703/2023-07-13-15-18-22_UMBRA-04/2023-07-13-15-18-22_UMBRA-04_METADATA.json,-76.16796816980629,36.969253945777616
sar-data/tasks/ship_detection_testdata/4aa36e48-d54f-41d4-b749-d1d0b8341996/2023-02-26-12-55-59_UMBRA-04/2023-02-26-12-55-59_UMBRA-04_METADATA.json,119.70703829780591,25.19359095776723
sar-data/tasks/ship_detection_testdata/4d041700-0426-4ae4-b3fc-bcf25c56dcfb/2023-04-03-15-22-25_UMBRA-05/2023-04-03-15-22-25_UMBRA-05_METADATA.json,-77.05429001978337,38.872472155210815
sar-data/tasks/ship_detection_testdata/48f8e732-045d-4e32-b27e-ae0b6680ba4b/2023-07-11-06-17-00_UMBRA-05/2023-07-11-06-17-00_UMBRA-05_METADATA.json,48.942800077991926,28.473498783345462
sar-data/tasks/ship_detection_testdata/4c1e6eb5-a74f-4f6f-9bc6-da4123b5b5f1/2023-09-13-09-21-03_UMBRA-06/2023-09-13-09-21-03_UMBRA-06_METADATA.json,12.112098874469588,-7.593199757246619
sar-data/tasks/ship_detection_testdata/4b6f2f24-6cb8-4da7-8496-abe6dd651d43/2024-03-04-03-13-27_UMBRA-06/2024-03-04-03-13-27_UMBRA-06_METADATA.json,110.94309981291238,19.61190284270889
sar-data/tasks/ship_detection_testdata/4b388fdc-6045-4966-a149-6c214ecc1043/2023-04-12-02-04-15_UMBRA-05/2023-04-12-02-04-15_UMBRA-05_METADATA.json,109.54569289143609,18.22221200370088
sar-data/tasks/ship_detection_testdata/4c87fd5c-6464-448b-ac54-000681676f18/2023-06-29-15-43-14_UMBRA-06/2023-06-29-15-43-14_UMBRA-06_METADATA.json,103.85639932181535,1.2863999622709097
sar-data/tasks/ship_detection_testdata/49b8fdf5-02ce-445a-9b64-d0ec0c0dd53a/2023-10-02-01-39-29_UMBRA-04/2023-10-02-01-39-29_UMBRA-04_METADATA.json,117.49361623698933,23.829168201224935
sar-data/tasks/ship_detection_testdata/49ec38e6-c0b5-4f15-8ed4-3a67e66897c3/2023-03-28-02-35-23_UMBRA-04/2023-03-28-02-35-23_UMBRA-04_METADATA.json,-77.04326609466608,38.883073800936984
sar-data/tasks/ship_detection_testdata/4add42a1-36a9-455d-ab44-1751ec7f3762/2024-03-29-04-00-43_UMBRA-08/2024-03-29-04-00-43_UMBRA-08_METADATA.json,101.6317985042103,2.1688849775393333
sar-data/tasks/ship_detection_testdata/5009ca91-7837-41e5-817a-9df893e8305d/2023-06-18-02-54-39_UMBRA-05/2023-06-18-02-54-39_UMBRA-05_METADATA.json,-79.88874824126444,9.3595006330022
sar-data/tasks/ship_detection_testdata/500d0bda-dbd0-45bc-9972-2c20d338b559/2024-03-29-02-37-57_UMBRA-05/2024-03-29-02-37-57_UMBRA-05_METADATA.json,104.13581173769552,1.1857786539081832
sar-data/tasks/ship_detection_testdata/499e4d70-c737-49b8-a2bc-17a118199128/2023-10-06-12-44-42_UMBRA-04/2023-10-06-12-44-42_UMBRA-04_METADATA.json,121.64110464879919,29.100361433597467
sar-data/tasks/ship_detection_testdata/504f62d7-f14e-4ce0-8d53-b8e3f54cf6e7/2023-05-02-16-52-43_UMBRA-05/2023-05-02-16-52-43_UMBRA-05_METADATA.json,73.46237993626623,4.122428551549874
sar-data/tasks/ship_detection_testdata/515db871-7cb2-4729-8cf5-e92ee777641d/2023-06-18-01-57-59_UMBRA-04/2023-06-18-01-57-59_UMBRA-04_METADATA.json,120.15499916329615,26.803610322463708
sar-data/tasks/ship_detection_testdata/4d00f38e-75e3-4928-a49e-19a9f69895ad/2023-10-28-04-21-04_UMBRA-04/2023-10-28-04-21-04_UMBRA-04_METADATA.json,79.84651194363734,6.941099968399552
sar-data/tasks/ship_detection_testdata/4d961d6a-e1c6-4cf7-b716-70800c433eb3/2023-03-18-01-53-55_UMBRA-04/2023-03-18-01-53-55_UMBRA-04_METADATA.json,-76.98966985674063,38.88017089207777
sar-data/tasks/ship_detection_testdata/55652ce2-4193-4df7-9b5a-40b6c1c2c7a8/2023-07-11-01-29-55_UMBRA-05/2023-07-11-01-29-55_UMBRA-05_METADATA.json,119.98195665016479,35.72629676273804
sar-data/tasks/ship_detection_testdata/50cda3a4-cc84-4948-a668-cd0f850310ae/2023-04-25-00-44-38_UMBRA-04/2023-04-25-00-44-38_UMBRA-04_METADATA.json,131.892136292284,43.110320166864724
sar-data/tasks/ship_detection_testdata/4b9610ba-2a71-4291-8647-4dc8df4fdaf4/2023-06-14-13-25-15_UMBRA-05/2023-06-14-13-25-15_UMBRA-05_METADATA.json,121.64194861768807,29.10111067901528
sar-data/tasks/ship_detection_testdata/51d57c0d-af18-4673-b899-49906adae29e/2023-10-11-01-17-38_UMBRA-05/2023-10-11-01-17-38_UMBRA-05_METADATA.json,119.44228413561387,25.441386967521225
sar-data/tasks/ship_detection_testdata/48ba29bc-80d9-4a39-bcfa-deb3c3616b45/2023-02-26-14-25-30_UMBRA-04/2023-02-26-14-25-30_UMBRA-04_METADATA.json,101.30015545322743,2.9396028884911622
sar-data/tasks/ship_detection_testdata/54f88dc6-ae38-46ef-aad2-e8ee7b51b462/2023-05-10-13-51-09_UMBRA-04/2023-05-10-13-51-09_UMBRA-04_METADATA.json,109.56279733998421,18.18619991024094
sar-data/tasks/ship_detection_testdata/52d5f44d-2d1c-44d2-bb39-d096fdc02f69/2023-02-01-01-17-22_UMBRA-05/2023-02-01-01-17-22_UMBRA-05_METADATA.json,120.57580072966371,36.110774029423986
sar-data/tasks/ship_detection_testdata/55e4c994-de1f-4059-8186-6ca231b01db5/2023-06-19-01-48-31_UMBRA-05/2023-06-19-01-48-31_UMBRA-05_METADATA.json,114.47498423597607,10.378174444567989
sar-data/tasks/ship_detection_testdata/52cd6bee-d7a2-4658-bd09-6137819e190e/2023-01-22-09-46-58_UMBRA-04/2023-01-22-09-46-58_UMBRA-04_METADATA.json,-5.34662070710897,36.15370915673795
sar-data/tasks/ship_detection_testdata/51503326-a67d-4f95-a4b0-a6cd3d8eb602/2023-11-02-21-22-29_UMBRA-04/2023-11-02-21-22-29_UMBRA-04_METADATA.json,-2.5333287817542,49.450002566345226
sar-data/tasks/ship_detection_testdata/4cfd30c7-7920-4667-8dea-f34954012665/2024-03-29-03-09-44_UMBRA-04/2024-03-29-03-09-44_UMBRA-04_METADATA.json,100.44102395634684,4.668226653599205
sar-data/tasks/ship_detection_testdata/543710f4-6182-43b6-bd20-3894ed3745bb/2023-04-27-13-57-44_UMBRA-04/2023-04-27-13-57-44_UMBRA-04_METADATA.json,109.56459901942642,18.19240092222844
sar-data/tasks/ship_detection_testdata/5144cde7-f290-4bdf-a533-eaf059d36c39/2023-03-29-02-21-20_UMBRA-04/2023-03-29-02-21-20_UMBRA-04_METADATA.json,-75.15440364170672,39.961501747023185
sar-data/tasks/ship_detection_testdata/55f64c25-7330-4521-a64a-3cca870f04a1/2023-12-15-12-46-14_UMBRA-04/2023-12-15-12-46-14_UMBRA-04_METADATA.json,121.5496992495031,31.54510075480335
sar-data/tasks/ship_detection_testdata/574fc499-b3dd-4e3a-9705-40637d5e1f7a/2023-05-11-13-36-05_UMBRA-04/2023-05-11-13-36-05_UMBRA-04_METADATA.json,109.56279685654071,18.186199892626007
sar-data/tasks/ship_detection_testdata/56432294-2f17-4dc5-9053-ed63fa36e711/2023-10-29-01-47-38_UMBRA-04/2023-10-29-01-47-38_UMBRA-04_METADATA.json,-68.91666294310394,12.100000804881311
sar-data/tasks/ship_detection_testdata/4eee1ee9-e163-45de-aa90-13e5f31cdb1f/2023-06-29-13-14-27_UMBRA-05/2023-06-29-13-14-27_UMBRA-05_METADATA.json,121.61699404135003,38.93999920658
sar-data/tasks/ship_detection_testdata/56dbe044-d07f-4b38-bb0c-bd675789e00f/2024-03-29-14-36-40_UMBRA-05/2024-03-29-14-36-40_UMBRA-05_METADATA.json,95.83533210155836,6.1940984729035655
sar-data/tasks/ship_detection_testdata/56e75ecc-ffd7-471d-a7d3-0716e825d92e/2023-06-14-13-22-31_UMBRA-05/2023-06-14-13-22-31_UMBRA-05_METADATA.json,114.98332859171721,22.694445165119497
sar-data/tasks/ship_detection_testdata/47051da8-42a9-482b-af89-e9d4ef3750c7/2024-03-04-10-01-15_UMBRA-08/2024-03-04-10-01-15_UMBRA-08_METADATA.json,1.6207995507474362,51.04120133691497
sar-data/tasks/ship_detection_testdata/57271524-2487-457b-8390-984a47b62ccc/2023-12-14-01-58-36_UMBRA-05/2023-12-14-01-58-36_UMBRA-05_METADATA.json,122.17289617094161,29.961799952657806
sar-data/tasks/ship_detection_testdata/560dccd1-a027-4502-9428-79e6d31982cb/2023-10-06-02-28-11_UMBRA-05/2023-10-06-02-28-11_UMBRA-05_METADATA.json,117.22572248837407,23.623866216959637
sar-data/tasks/ship_detection_testdata/55dbf5a5-985b-41c1-b68a-e1f1661924ea/2023-09-04-12-28-06_UMBRA-05/2023-09-04-12-28-06_UMBRA-05_METADATA.json,121.24334787186078,38.80079683125369
sar-data/tasks/ship_detection_testdata/58353f69-91ab-4798-b7c3-67afcb4a8208/2023-01-18-19-34-45_UMBRA-04/2023-01-18-19-34-45_UMBRA-04_METADATA.json,32.311474660694664,31.422805755515395
sar-data/tasks/ship_detection_testdata/561c5e8e-0ee8-48ff-8452-6253232ecbf8/2023-06-30-15-33-36_UMBRA-06/2023-06-30-15-33-36_UMBRA-06_METADATA.json,105.94999747018775,-6.016666921509457
sar-data/tasks/ship_detection_testdata/582440d2-7ea8-497f-95c0-1c6fa3d7fbba/2023-10-23-04-51-13_UMBRA-05/2023-10-23-04-51-13_UMBRA-05_METADATA.json,73.49999992070313,4.166666703563598
sar-data/tasks/ship_detection_testdata/56e54ce2-b3da-432b-8819-262d92a5067b/2023-09-11-09-42-22_UMBRA-04/2023-09-11-09-42-22_UMBRA-04_METADATA.json,1.8627324339585551,50.955415237174975
sar-data/tasks/ship_detection_testdata/580d01ac-61fb-48fa-846c-536fb8731456/2023-07-08-00-35-18_UMBRA-04/2023-07-08-00-35-18_UMBRA-04_METADATA.json,135.37518086278214,35.481022474609
sar-data/tasks/ship_detection_testdata/54a912c3-fad1-4a04-af9e-4f9b0fd2f8f5/2023-11-01-13-12-28_UMBRA-05/2023-11-01-13-12-28_UMBRA-05_METADATA.json,120.96666771939063,14.600001207926681
sar-data/tasks/ship_detection_testdata/566fb0aa-d2ee-4393-bc5b-f910ead70d86/2023-06-18-01-57-37_UMBRA-05/2023-06-18-01-57-37_UMBRA-05_METADATA.json,120.15499926702935,26.803610671928165
sar-data/tasks/ship_detection_testdata/59638d84-73e6-4639-9377-023fff802c35/2023-07-22-01-17-41_UMBRA-06/2023-07-22-01-17-41_UMBRA-06_METADATA.json,125.39099193730198,38.718652137586275
sar-data/tasks/ship_detection_testdata/57592ccf-4b2a-4c0c-870f-ae375d27e702/2023-04-13-06-31-04_UMBRA-05/2023-04-13-06-31-04_UMBRA-05_METADATA.json,55.062303999486524,24.992400022036385
sar-data/tasks/ship_detection_testdata/590bfd06-5f05-433a-9b84-32dbb3dd7c6b/2023-06-22-05-49-44_UMBRA-05/2023-06-22-05-49-44_UMBRA-05_METADATA.json,54.398501708503716,24.533800290347646
sar-data/tasks/ship_detection_testdata/5a72203a-1025-4d51-a7aa-31284536a0d3/2023-12-25-23-35-41_UMBRA-06/2023-12-25-23-35-41_UMBRA-06_METADATA.json,4.05830246111464,51.952301765484684
sar-data/tasks/ship_detection_testdata/59289060-aaf0-4b43-8547-e7e2847c5373/2023-09-11-06-44-49_UMBRA-06/2023-09-11-06-44-49_UMBRA-06_METADATA.json,56.24000265307378,27.13970009485677
sar-data/tasks/ship_detection_testdata/5a4091fb-5c3e-4d40-a176-ea6e1d1d67ca/2023-10-21-04-42-10_UMBRA-04/2023-10-21-04-42-10_UMBRA-04_METADATA.json,73.49999968113697,4.166666489114429
sar-data/tasks/ship_detection_testdata/59efb09b-2b1d-4e7d-bc2c-63a6e12dc9e9/2023-06-04-15-43-10_UMBRA-06/2023-06-04-15-43-10_UMBRA-06_METADATA.json,103.62780845843115,1.2720549743311749
sar-data/tasks/ship_detection_testdata/58c020a6-8908-44cf-a3ef-3db4e7be1629/2024-02-17-02-34-55_UMBRA-05/2024-02-17-02-34-55_UMBRA-05_METADATA.json,109.68277793200743,18.210840917639857
sar-data/tasks/ship_detection_testdata/596207f0-0cd6-4cbc-9ae7-b648fca2df86/2023-01-30-17-03-26_UMBRA-05/2023-01-30-17-03-26_UMBRA-05_METADATA.json,56.198745122589784,27.14158588038835
sar-data/tasks/ship_detection_testdata/577464eb-843a-4e30-a8b3-0212cf49d083/2023-10-01-12-28-55_UMBRA-04/2023-10-01-12-28-55_UMBRA-04_METADATA.json,121.3854906613966,36.71032303866238
sar-data/tasks/ship_detection_testdata/4f779b02-52d8-4c26-9ffe-2658c1667f4a/2023-01-29-18-53-03_UMBRA-04/2023-01-29-18-53-03_UMBRA-04_METADATA.json,43.060781837745985,11.593230896622394
sar-data/tasks/ship_detection_testdata/58c01eff-2cec-4a40-b732-c9a3d9f21567/2023-10-23-14-27-30_UMBRA-04/2023-10-23-14-27-30_UMBRA-04_METADATA.json,103.84999790862399,1.2833330332340285
sar-data/tasks/ship_detection_testdata/5a6c508d-e21d-49ab-83eb-af651cf2776c/2023-12-01-02-01-14_UMBRA-04/2023-12-01-02-01-14_UMBRA-04_METADATA.json,119.98629816108011,35.7277989646137
sar-data/tasks/ship_detection_testdata/584d591b-eef5-4bf2-84b8-4d41698534e5/2023-12-21-14-35-33_UMBRA-05/2023-12-21-14-35-33_UMBRA-05_METADATA.json,109.55100458867656,18.189601305023242
sar-data/tasks/ship_detection_testdata/5aa5365a-56cc-4e3b-b5ca-ed8f24edba08/2023-02-01-13-31-04_UMBRA-05/2023-02-01-13-31-04_UMBRA-05_METADATA.json,121.01116741364889,40.71372974959946
sar-data/tasks/ship_detection_testdata/5a79a62a-c779-4779-90cb-a5fc13de4ae5/2023-12-09-13-07-22_UMBRA-04/2023-12-09-13-07-22_UMBRA-04_METADATA.json,127.76900757181522,26.352003627740924
sar-data/tasks/ship_detection_testdata/5a87efd1-dd90-4684-a4ee-88584fdab785/2023-10-25-14-43-08_UMBRA-05/2023-10-25-14-43-08_UMBRA-05_METADATA.json,103.84999889413521,1.2833330114384363
sar-data/tasks/ship_detection_testdata/53071586-f9e3-4dd3-856c-106097962e39/2024-02-08-01-54-38_UMBRA-05/2024-02-08-01-54-38_UMBRA-05_METADATA.json,113.92489728519243,22.312099849420527
sar-data/tasks/ship_detection_testdata/5ca024e9-1863-49ef-b57f-910460748efc/2023-10-04-01-05-20_UMBRA-04/2023-10-04-01-05-20_UMBRA-04_METADATA.json,122.53156207852557,36.97896178021399
sar-data/tasks/ship_detection_testdata/586296e6-c5e1-41e9-93bd-88e8ca3e96aa/2023-03-30-05-46-32_UMBRA-04/2023-03-30-05-46-32_UMBRA-04_METADATA.json,55.13090126410376,25.120100683011046
sar-data/tasks/ship_detection_testdata/5b3ebe47-ad0e-4291-a96f-d90a641c80e0/2023-06-14-13-24-30_UMBRA-04/2023-06-14-13-24-30_UMBRA-04_METADATA.json,120.15499880442725,26.803610660125187
sar-data/tasks/ship_detection_testdata/5baf7264-9bbd-44f5-9290-9e4226e367f3/2023-07-05-15-30-46_UMBRA-04/2023-07-05-15-30-46_UMBRA-04_METADATA.json,-76.15216085393868,36.99454912083864
sar-data/tasks/ship_detection_testdata/5bd337c2-b295-4672-b8dc-7ca7d6c99dde/2023-10-10-01-08-07_UMBRA-04/2023-10-10-01-08-07_UMBRA-04_METADATA.json,121.4786171297244,39.796391791664206
sar-data/tasks/ship_detection_testdata/5c255693-2e24-40e0-a4f7-6adb99225c1c/2023-04-28-02-04-25_UMBRA-05/2023-04-28-02-04-25_UMBRA-05_METADATA.json,-67.99649937649056,10.478400859687033
sar-data/tasks/ship_detection_testdata/5e85c07c-d3ad-4321-8e32-dbf206facc55/2024-02-25-17-03-55_UMBRA-05/2024-02-25-17-03-55_UMBRA-05_METADATA.json,56.203400015999804,27.13830038261094
sar-data/tasks/ship_detection_testdata/5b445d44-efd0-40a2-960d-7434c11ced2d/2023-10-03-13-42-38_UMBRA-05/2023-10-03-13-42-38_UMBRA-05_METADATA.json,119.44228449751962,25.441386784995522
sar-data/tasks/ship_detection_testdata/5f7f772f-0f25-40cf-af53-ec32cd363870/2023-06-14-02-01-55_UMBRA-06/2023-06-14-02-01-55_UMBRA-06_METADATA.json,120.15499944417606,26.803610157493868
sar-data/tasks/ship_detection_testdata/5f92b27c-e16e-44cc-aeaa-8e33b9f0fc2e/2023-11-10-12-44-22_UMBRA-05/2023-11-10-12-44-22_UMBRA-05_METADATA.json,127.33219713363583,0.8099997433430617
sar-data/tasks/ship_detection_testdata/62d2684e-6353-4c39-b829-3aa0d2100f0b/2024-02-16-13-14-08_UMBRA-05/2024-02-16-13-14-08_UMBRA-05_METADATA.json,117.46430272337649,23.665600366166885
sar-data/tasks/ship_detection_testdata/5bb31f67-d433-411a-8966-72a56475bd45/2023-12-20-05-52-20_UMBRA-05/2023-12-20-05-52-20_UMBRA-05_METADATA.json,43.3479026499388,12.626200025218768
sar-data/tasks/ship_detection_testdata/5dfd47b5-cbd4-42a3-acb2-6850f4659e5c/2023-10-03-13-33-17_UMBRA-04/2023-10-03-13-33-17_UMBRA-04_METADATA.json,121.38549065467544,36.71032296110978
sar-data/tasks/ship_detection_testdata/5cafe6fa-b739-4ac0-b994-45698279d396/2023-04-15-06-34-03_UMBRA-04/2023-04-15-06-34-03_UMBRA-04_METADATA.json,43.06199948285114,11.593000827978736
sar-data/tasks/ship_detection_testdata/6068e50b-0892-4bb8-8ee9-0eba7e14f5df/2023-06-20-12-06-06_UMBRA-04/2023-06-20-12-06-06_UMBRA-04_METADATA.json,129.44091711074415,35.516732466441944
sar-data/tasks/ship_detection_testdata/5b405fc7-160b-4b5d-9dee-05104d070972/2023-10-10-01-32-25_UMBRA-05/2023-10-10-01-32-25_UMBRA-05_METADATA.json,115.81805358272061,22.744443494271408
sar-data/tasks/ship_detection_testdata/5ed29923-a01b-4077-81f4-4bd8ffceb778/2023-12-19-19-12-12_UMBRA-04/2023-12-19-19-12-12_UMBRA-04_METADATA.json,43.31370238121413,12.595101691748534
sar-data/tasks/ship_detection_testdata/5ec9c96e-8adc-4bef-9004-510ecb123bb4/2024-03-29-14-49-22_UMBRA-06/2024-03-29-14-49-22_UMBRA-06_METADATA.json,100.48525303195984,3.0124528898547602
sar-data/tasks/ship_detection_testdata/597432a7-2f33-4100-8054-6b0c7b86b708/2023-06-20-12-06-07_UMBRA-05/2023-06-20-12-06-07_UMBRA-05_METADATA.json,129.4409179862184,35.51673280140529
sar-data/tasks/ship_detection_testdata/61426fc2-63a4-41e8-ac55-bf1634f362e1/2023-09-15-01-11-40_UMBRA-06/2023-09-15-01-11-40_UMBRA-06_METADATA.json,126.6018598094613,37.45767565623475
sar-data/tasks/ship_detection_testdata/5f4175ca-ff26-4d3c-9a0a-6eba4afc4812/2023-01-28-02-11-49_UMBRA-05/2023-01-28-02-11-49_UMBRA-05_METADATA.json,109.55519861147182,18.21683309278845
sar-data/tasks/ship_detection_testdata/5e84a9a2-e205-46b9-ae9c-891201c8fd0d/2024-04-01-01-36-54_UMBRA-04/2024-04-01-01-36-54_UMBRA-04_METADATA.json,121.6298970355496,38.93969926687841
sar-data/tasks/ship_detection_testdata/63fc42fe-0daa-44c6-bc0e-8db7447c05a2/2024-02-14-01-15-26_UMBRA-05/2024-02-14-01-15-26_UMBRA-05_METADATA.json,121.76982183713388,29.53603033433348
sar-data/tasks/ship_detection_testdata/61e97003-7e81-4b9c-ba90-133dc3d6d2cc/2024-02-03-01-35-59_UMBRA-04/2024-02-03-01-35-59_UMBRA-04_METADATA.json,129.09590153037047,35.08070057859634
sar-data/tasks/ship_detection_testdata/623d81af-4433-42c0-b32d-be49d2c4cc29/2023-10-28-01-24-49_UMBRA-05/2023-10-28-01-24-49_UMBRA-05_METADATA.json,-61.51666616643111,10.650000311932052
sar-data/tasks/ship_detection_testdata/64d01534-89c9-40fc-8ec2-d477b60b6178/2023-12-09-02-39-51_UMBRA-04/2023-12-09-02-39-51_UMBRA-04_METADATA.json,110.95137397447313,19.614504035696154
sar-data/tasks/ship_detection_testdata/655fb03a-5aaa-4d5e-b379-437e1fa08e52/2023-01-18-13-13-56_UMBRA-04/2023-01-18-13-13-56_UMBRA-04_METADATA.json,121.66740589126826,31.32344415963984
sar-data/tasks/ship_detection_testdata/6452a20e-645a-45aa-934e-28be30e61cd4/2023-10-13-14-35-54_UMBRA-04/2023-10-13-14-35-54_UMBRA-04_METADATA.json,-75.16186491878797,39.95767805355083
sar-data/tasks/ship_detection_testdata/65845c2a-ff21-4137-bca1-8c6136a0208d/2024-03-29-03-12-21_UMBRA-04/2024-03-29-03-12-21_UMBRA-04_METADATA.json,101.70479476249969,2.5274435375195696
sar-data/tasks/ship_detection_testdata/615a8d2d-4daa-461f-80a9-32edbdc11e52/2024-03-29-04-00-01_UMBRA-08/2024-03-29-04-00-01_UMBRA-08_METADATA.json,100.50360172625312,3.100946799304666
sar-data/tasks/ship_detection_testdata/645d903f-ced5-40d9-94ed-6e4e91977c97/2023-08-13-15-00-09_UMBRA-06/2023-08-13-15-00-09_UMBRA-06_METADATA.json,114.66514498964385,8.855687177386217
sar-data/tasks/ship_detection_testdata/604b5a0b-83f4-4759-a3c1-488160e5f6f2/2023-07-08-14-50-27_UMBRA-04/2023-07-08-14-50-27_UMBRA-04_METADATA.json,-77.04070423473978,38.88949880977088
sar-data/tasks/ship_detection_testdata/66569711-25a9-4fc6-aa01-76e503234887/2023-10-01-14-29-47_UMBRA-04/2023-10-01-14-29-47_UMBRA-04_METADATA.json,-76.35165241719767,38.98654132705731
sar-data/tasks/ship_detection_testdata/66e12f56-420b-419a-8e31-b9a500229b85/2023-06-18-01-54-44_UMBRA-05/2023-06-18-01-54-44_UMBRA-05_METADATA.json,122.52889217747061,36.972223101672334
sar-data/tasks/ship_detection_testdata/668a775c-1da6-467b-aaa7-671d73fc7e61/2023-07-25-20-08-20_UMBRA-05/2023-07-25-20-08-20_UMBRA-05_METADATA.json,4.583199938162537,52.45800244886839
sar-data/tasks/ship_detection_testdata/62d76172-746d-40b2-af73-8bbfdb0886a8/2023-06-29-11-40-35_UMBRA-05/2023-06-29-11-40-35_UMBRA-05_METADATA.json,132.416227306582,42.9363429115137
sar-data/tasks/ship_detection_testdata/662c2c29-ecfd-4f81-b04b-3d00aaf21c98/2024-01-12-17-14-28_UMBRA-04/2024-01-12-17-14-28_UMBRA-04_METADATA.json,57.766302702500205,25.641001113224462
sar-data/tasks/ship_detection_testdata/5d05b62f-0e66-4a9c-b51e-1127895555a9/2023-10-07-12-31-26_UMBRA-04/2023-10-07-12-31-26_UMBRA-04_METADATA.json,121.38549057556922,36.71032313335398
sar-data/tasks/ship_detection_testdata/63c955e5-d8a8-4f68-83e7-1cfdd4a2c74c/2023-06-12-02-24-12_UMBRA-06/2023-06-12-02-24-12_UMBRA-06_METADATA.json,120.18131128524594,23.790300902741947
sar-data/tasks/ship_detection_testdata/662d7dd6-e149-495c-916b-9b456b393095/2023-06-16-02-27-45_UMBRA-04/2023-06-16-02-27-45_UMBRA-04_METADATA.json,111.67277620679653,16.574754433664722
sar-data/tasks/ship_detection_testdata/5fbd1939-c97c-4e9b-882f-766650192cc9/2024-03-28-21-11-57_UMBRA-06/2024-03-28-21-11-57_UMBRA-06_METADATA.json,20.46430112387257,54.70390023793525
sar-data/tasks/ship_detection_testdata/5c40582a-f378-443a-9b8c-fdd874b78c2d/2023-08-29-02-43-57_UMBRA-05/2023-08-29-02-43-57_UMBRA-05_METADATA.json,-76.564872430575,39.26766616426384
sar-data/tasks/ship_detection_testdata/672ad2cf-2ba7-4774-a4f4-023c0767bef8/2023-04-30-14-49-27_UMBRA-05/2023-04-30-14-49-27_UMBRA-05_METADATA.json,-77.01184865329942,38.88085356568079
sar-data/tasks/ship_detection_testdata/6858959f-5450-4a2f-8bd1-3136526aec11/2023-07-11-13-37-57_UMBRA-05/2023-07-11-13-37-57_UMBRA-05_METADATA.json,112.20079742609428,21.440702329315183
sar-data/tasks/ship_detection_testdata/69a133cc-9f75-4061-9586-7171e490dbf3/2023-01-24-06-15-53_UMBRA-04/2023-01-24-06-15-53_UMBRA-04_METADATA.json,39.1607051208752,21.462539068954104
sar-data/tasks/ship_detection_testdata/67497bce-722d-4dab-9927-93ea555d3620/2023-12-08-02-18-29_UMBRA-06/2023-12-08-02-18-29_UMBRA-06_METADATA.json,110.95137879312522,19.614501147142917
sar-data/tasks/ship_detection_testdata/69877a73-1dcf-4f5a-a506-77c05bfaded3/2023-09-24-12-34-59_UMBRA-04/2023-09-24-12-34-59_UMBRA-04_METADATA.json,120.31008035886794,36.08467463819928
sar-data/tasks/ship_detection_testdata/69d967c7-c02f-4694-a4dd-a3aae1f77cb3/2023-07-13-07-41-14_UMBRA-05/2023-07-13-07-41-14_UMBRA-05_METADATA.json,18.446955466492483,-33.91581418498764
sar-data/tasks/ship_detection_testdata/6b1d8a6a-9f5e-4b76-93e8-c3b4f999f8e0/2023-07-13-13-16-01_UMBRA-04/2023-07-13-13-16-01_UMBRA-04_METADATA.json,121.61699402401355,38.93999887049673
sar-data/tasks/ship_detection_testdata/6845e527-5116-43ab-bdda-78514ea3f515/2023-02-10-13-19-02_UMBRA-04/2023-02-10-13-19-02_UMBRA-04_METADATA.json,121.75044317151726,31.342370079001363
sar-data/tasks/ship_detection_testdata/6a2b2537-77bc-49c6-9ca2-1216ed554a37/2023-12-12-06-25-01_UMBRA-06/2023-12-12-06-25-01_UMBRA-06_METADATA.json,50.84299801332332,28.942000590752045
sar-data/tasks/ship_detection_testdata/67bcad86-676e-4865-a14f-9c51291421e9/2023-06-16-02-27-21_UMBRA-05/2023-06-16-02-27-21_UMBRA-05_METADATA.json,111.74138490187579,16.462777972479422
sar-data/tasks/ship_detection_testdata/6c3b2aa4-df20-4ab2-b3ee-e263e6a9a825/2023-12-05-09-51-16_UMBRA-05/2023-12-05-09-51-16_UMBRA-05_METADATA.json,12.114901091193673,54.146599806543804
sar-data/tasks/ship_detection_testdata/68b8cb88-83a4-4789-853e-69ff600392de/2023-08-22-15-19-06_UMBRA-05/2023-08-22-15-19-06_UMBRA-05_METADATA.json,83.27899871542836,17.69000145019974
sar-data/tasks/ship_detection_testdata/68fb2ea2-8aa9-48c6-b09e-779419d04f81/2023-09-30-12-39-27_UMBRA-04/2023-09-30-12-39-27_UMBRA-04_METADATA.json,121.64110437640483,29.100361186636786
sar-data/tasks/ship_detection_testdata/686dc05b-0e71-4b97-99ce-e0af9b26a8f9/2023-03-22-00-59-23_UMBRA-05/2023-03-22-00-59-23_UMBRA-05_METADATA.json,132.33700534024126,43.1250006328059
sar-data/tasks/ship_detection_testdata/6d7d7549-a572-42ed-bf21-55ada5cbbc86/2023-06-14-13-24-36_UMBRA-05/2023-06-14-13-24-36_UMBRA-05_METADATA.json,120.51300263088984,27.201999446558997
sar-data/tasks/ship_detection_testdata/6b79f8bd-6665-4793-b8e5-55ffd338a3f0/2023-12-06-18-41-04_UMBRA-05/2023-12-06-18-41-04_UMBRA-05_METADATA.json,43.0679368418535,11.595906732660913
sar-data/tasks/ship_detection_testdata/69c87f14-9bb9-416e-bd7e-b058f2158708/2023-10-27-01-26-04_UMBRA-04/2023-10-27-01-26-04_UMBRA-04_METADATA.json,120.9666675909307,14.600001451758178
sar-data/tasks/ship_detection_testdata/6c46b2e6-32de-456b-a042-5378aa7ad9cb/2023-07-03-09-33-30_UMBRA-05/2023-07-03-09-33-30_UMBRA-05_METADATA.json,4.810449644478613,52.4079727469433
sar-data/tasks/ship_detection_testdata/6ce264ec-eb10-47b1-a389-b6d1af02074c/2024-02-17-02-48-01_UMBRA-07/2024-02-17-02-48-01_UMBRA-07_METADATA.json,117.46430317653655,23.6656006368416
sar-data/tasks/ship_detection_testdata/6aac5232-b64e-4b70-a1bc-0fed97b871f0/2023-09-04-01-47-52_UMBRA-05/2023-09-04-01-47-52_UMBRA-05_METADATA.json,133.076003696365,42.73400152693685
sar-data/tasks/ship_detection_testdata/6c1ce74e-2753-40d8-8523-1b226586046a/2023-12-01-14-47-09_UMBRA-04/2023-12-01-14-47-09_UMBRA-04_METADATA.json,-79.91294110388618,9.279267561311194
sar-data/tasks/ship_detection_testdata/6dc6b18b-ba3b-48aa-8c2b-0f718eee1270/2023-01-16-19-37-55_UMBRA-05/2023-01-16-19-37-55_UMBRA-05_METADATA.json,27.903039124958994,-33.02477127863597
sar-data/tasks/ship_detection_testdata/6b74a26c-0fde-4a92-8132-700d7b72e3ed/2023-01-27-05-38-21_UMBRA-04/2023-01-27-05-38-21_UMBRA-04_METADATA.json,56.19874543818606,27.141585236958914
sar-data/tasks/ship_detection_testdata/6d33fae3-bc12-4bf8-a334-8ed1356f0377/2023-07-12-02-57-18_UMBRA-05/2023-07-12-02-57-18_UMBRA-05_METADATA.json,103.60893317843029,10.50943227413183
sar-data/tasks/ship_detection_testdata/6d077d2e-02f4-456e-88de-9602c9362f15/2024-02-15-02-50-08_UMBRA-06/2024-02-15-02-50-08_UMBRA-06_METADATA.json,109.68277818383906,18.21084042159103
sar-data/tasks/ship_detection_testdata/695907af-13b9-452b-8da5-98b94b837816/2024-03-11-06-04-30_UMBRA-08/2024-03-11-06-04-30_UMBRA-08_METADATA.json,54.519500430591165,24.30920413995316
sar-data/tasks/ship_detection_testdata/63d7de24-601e-417d-807e-1eb3749e8db3/2023-10-26-05-39-39_UMBRA-05/2023-10-26-05-39-39_UMBRA-05_METADATA.json,56.193083909549735,27.16776245652228
sar-data/tasks/ship_detection_testdata/6e197444-15d2-469c-9d17-b8f7b1266617/2023-06-17-12-45-08_UMBRA-04/2023-06-17-12-45-08_UMBRA-04_METADATA.json,121.64194860494999,29.101110822144847
sar-data/tasks/ship_detection_testdata/6ea5491e-15e3-4fba-85a6-6bdd0bebd1f5/2023-01-24-13-36-00_UMBRA-04/2023-01-24-13-36-00_UMBRA-04_METADATA.json,120.19027488938883,23.786369419030176
sar-data/tasks/ship_detection_testdata/6b7ec655-b7dc-4681-aae4-262e4b63ce8c/2023-02-18-02-25-57_UMBRA-05/2023-02-18-02-25-57_UMBRA-05_METADATA.json,113.54470692384835,22.19593980646251
sar-data/tasks/ship_detection_testdata/6e495891-3cdd-4856-9b6f-b4f512a95f36/2023-09-06-06-12-08_UMBRA-04/2023-09-06-06-12-08_UMBRA-04_METADATA.json,56.24000476109526,27.13970039598498
sar-data/tasks/ship_detection_testdata/6e21c991-0fb8-4903-8333-06ceb9a7d050/2023-05-24-05-59-35_UMBRA-05/2023-05-24-05-59-35_UMBRA-05_METADATA.json,50.83000245334661,28.9030558064205
sar-data/tasks/ship_detection_testdata/6f4ad6df-8140-44df-948f-eaf53ef2e603/2023-10-06-02-11-21_UMBRA-04/2023-10-06-02-11-21_UMBRA-04_METADATA.json,119.45630454723754,34.68899904050162
sar-data/tasks/ship_detection_testdata/6f6b0261-c6d3-4159-8b1a-04f23cfc5628/2023-09-14-14-32-46_UMBRA-06/2023-09-14-14-32-46_UMBRA-06_METADATA.json,126.60185932305991,37.45767545955657
sar-data/tasks/ship_detection_testdata/6f073ed1-efdd-499f-bfdc-c102b7daf307/2023-06-23-03-23-26_UMBRA-06/2023-06-23-03-23-26_UMBRA-06_METADATA.json,103.79627968799292,1.2050497674875265
sar-data/tasks/ship_detection_testdata/6d867aa8-b346-497f-8d1e-affcc5e329d7/2023-10-28-13-08-23_UMBRA-04/2023-10-28-13-08-23_UMBRA-04_METADATA.json,120.9666673517329,14.60000177602359
sar-data/tasks/ship_detection_testdata/6d929aa4-ccff-4417-a098-60f8baf3e36f/2023-01-18-19-36-44_UMBRA-04/2023-01-18-19-36-44_UMBRA-04_METADATA.json,26.945858004985322,38.81336197920853
sar-data/tasks/ship_detection_testdata/6a8dc600-c040-47b0-8990-fc86fb769427/2023-05-02-04-58-10_UMBRA-05/2023-05-02-04-58-10_UMBRA-05_METADATA.json,73.46238016264851,4.122428641237706
sar-data/tasks/ship_detection_testdata/6fdaeefe-2844-486c-a30d-a060f957894a/2023-10-25-01-18-18_UMBRA-04/2023-10-25-01-18-18_UMBRA-04_METADATA.json,-61.51666599060215,10.650000202149078
sar-data/tasks/ship_detection_testdata/7003f2d5-be5d-4e67-88f3-6c17e83ee749/2024-03-29-16-24-20_UMBRA-06/2024-03-29-16-24-20_UMBRA-06_METADATA.json,95.8327723801455,6.103893672515088
sar-data/tasks/ship_detection_testdata/6f6beaf1-c13a-4340-9518-80b6891830f9/2023-04-10-13-03-40_UMBRA-05/2023-04-10-13-03-40_UMBRA-05_METADATA.json,120.27181179280211,22.692845907754723
sar-data/tasks/ship_detection_testdata/70475023-c7ce-49d6-947e-ec1720d4c179/2023-10-13-14-05-03_UMBRA-04/2023-10-13-14-05-03_UMBRA-04_METADATA.json,112.26055127592929,21.70586966349588
sar-data/tasks/ship_detection_testdata/6d28de4a-a397-4ed0-8a10-4a528f06e15d/2023-06-18-14-33-08_UMBRA-06/2023-06-18-14-33-08_UMBRA-06_METADATA.json,120.18907995385496,23.78405993066729
sar-data/tasks/ship_detection_testdata/70652445-a36c-4ef1-92cf-79a08c69fa2c/2024-03-12-16-49-02_UMBRA-05/2024-03-12-16-49-02_UMBRA-05_METADATA.json,60.61349919416416,25.305500845111876
sar-data/tasks/ship_detection_testdata/6f872199-7fea-41ed-be41-0361ad42e754/2023-03-07-13-42-28_UMBRA-05/2023-03-07-13-42-28_UMBRA-05_METADATA.json,110.43398308003397,21.222481451442093
sar-data/tasks/ship_detection_testdata/715c2d31-4666-4f47-b919-1c2a692b5ad5/2023-08-31-02-48-32_UMBRA-05/2023-08-31-02-48-32_UMBRA-05_METADATA.json,109.68457820899525,18.22237693316804
sar-data/tasks/ship_detection_testdata/6fa92fdb-5aea-4392-b149-cdd8682276a1/2023-02-04-17-40-21_UMBRA-04/2023-02-04-17-40-21_UMBRA-04_METADATA.json,48.093847359586746,12.94647921632584
sar-data/tasks/ship_detection_testdata/712de68b-8ea7-4ec8-b528-f297c8849281/2023-06-14-15-12-59_UMBRA-06/2023-06-14-15-12-59_UMBRA-06_METADATA.json,120.54582812403268,40.35139178471993
sar-data/tasks/ship_detection_testdata/71167c4e-d276-44b8-be69-a3e0a8fb2a1b/2023-01-24-04-43-07_UMBRA-04/2023-01-24-04-43-07_UMBRA-04_METADATA.json,80.29907942999093,13.10126055625722
sar-data/tasks/ship_detection_testdata/716dd49f-e169-4d05-9a1c-98c540ae7295/2023-03-24-15-14-50_UMBRA-04/2023-03-24-15-14-50_UMBRA-04_METADATA.json,-79.58538853409325,8.983891414456577
sar-data/tasks/ship_detection_testdata/73393a7d-d25e-49d4-9c4f-2919360dfde2/2023-07-01-03-31-49_UMBRA-06/2023-07-01-03-31-49_UMBRA-06_METADATA.json,107.3726957513684,21.030301201424177
sar-data/tasks/ship_detection_testdata/6fe4b05a-eea4-428d-9202-bf3943d80519/2023-12-04-12-49-06_UMBRA-05/2023-12-04-12-49-06_UMBRA-05_METADATA.json,119.98629801191291,35.72779923206992
sar-data/tasks/ship_detection_testdata/709d9bb7-1de6-49af-a50f-3377a6ae0bd0/2024-02-06-02-04-22_UMBRA-04/2024-02-06-02-04-22_UMBRA-04_METADATA.json,110.43450140581778,21.22759933910938
sar-data/tasks/ship_detection_testdata/71d0d000-978f-4ecd-baf9-180242f00cb9/2023-05-24-06-11-18_UMBRA-04/2023-05-24-06-11-18_UMBRA-04_METADATA.json,50.83000338798442,28.903055203156324
sar-data/tasks/ship_detection_testdata/6fbaeb43-244d-487f-a218-e6525b047ca0/2023-06-30-10-15-21_UMBRA-04/2023-06-30-10-15-21_UMBRA-04_METADATA.json,4.810449518418761,52.40797248168766
sar-data/tasks/ship_detection_testdata/74cdd3b8-f3ec-467f-9ba7-64ea4eff3c50/2023-07-02-02-01-44_UMBRA-04/2023-07-02-02-01-44_UMBRA-04_METADATA.json,111.74138477849813,16.462777906124547
sar-data/tasks/ship_detection_testdata/709b92f6-f23f-432c-aea0-d8dc399a214e/2023-09-14-14-33-59_UMBRA-06/2023-09-14-14-33-59_UMBRA-06_METADATA.json,126.60185892639439,37.4576764488291
sar-data/tasks/ship_detection_testdata/712ffcca-7f92-436b-a6ae-f330a294b15f/2023-06-14-15-17-41_UMBRA-06/2023-06-14-15-17-41_UMBRA-06_METADATA.json,114.98332881263978,22.694445413345704
sar-data/tasks/ship_detection_testdata/737c7d61-e5f5-425f-8d4f-7211a0a81443/2023-07-15-02-10-26_UMBRA-04/2023-07-15-02-10-26_UMBRA-04_METADATA.json,121.61699374973085,38.9399992652676
sar-data/tasks/ship_detection_testdata/71702763-9d0f-4795-ba1d-d8e824480836/2023-01-27-00-42-33_UMBRA-05/2023-01-27-00-42-33_UMBRA-05_METADATA.json,131.9219954816227,43.08232263703175
sar-data/tasks/ship_detection_testdata/75eb0f21-6d50-41a1-9711-022f1a400be4/2023-09-19-06-23-26_UMBRA-05/2023-09-19-06-23-26_UMBRA-05_METADATA.json,56.061000447305084,27.102001284515907
sar-data/tasks/ship_detection_testdata/74765341-a713-4643-b7b1-d42892df3426/2024-02-18-02-35-54_UMBRA-07/2024-02-18-02-35-54_UMBRA-07_METADATA.json,119.99371101784814,35.72680819510112
sar-data/tasks/ship_detection_testdata/71fd0e5a-0249-4e82-b173-61d9d5231cf3/2023-02-26-12-55-26_UMBRA-04/2023-02-26-12-55-26_UMBRA-04_METADATA.json,119.79665418287784,25.265949868468038
sar-data/tasks/ship_detection_testdata/757f40cb-9a8c-4a98-89b2-480825ff5508/2023-06-18-12-33-43_UMBRA-04/2023-06-18-12-33-43_UMBRA-04_METADATA.json,122.5288923105269,36.97222320330405
sar-data/tasks/ship_detection_testdata/76d1b8a7-1603-412a-9752-b23e1f22c0e3/2023-02-04-03-19-55_UMBRA-04/2023-02-04-03-19-55_UMBRA-04_METADATA.json,-90.27597039742967,-0.4546927404441867
sar-data/tasks/ship_detection_testdata/7049c418-cddd-4043-819a-3e294c9dc7c4/2023-01-21-20-17-40_UMBRA-04/2023-01-21-20-17-40_UMBRA-04_METADATA.json,18.43486671289998,-33.91310147877985
sar-data/tasks/ship_detection_testdata/758c0ec3-6197-462d-b5c6-3cde8860e560/2024-01-05-02-19-49_UMBRA-04/2024-01-05-02-19-49_UMBRA-04_METADATA.json,-68.00750022421899,10.489898665234286
sar-data/tasks/ship_detection_testdata/76431f5c-b6bb-42c2-93c7-561a71287dab/2023-05-09-02-39-21_UMBRA-05/2023-05-09-02-39-21_UMBRA-05_METADATA.json,-75.17298973982385,39.90092334324044
sar-data/tasks/ship_detection_testdata/76b43003-b38f-47f0-a654-6a2df8fdfb73/2023-07-15-14-18-18_UMBRA-05/2023-07-15-14-18-18_UMBRA-05_METADATA.json,109.56630002868488,18.208901189371442
sar-data/tasks/ship_detection_testdata/740f8f8d-f604-455f-b72b-1ab54088e59c/2023-10-07-12-30-12_UMBRA-04/2023-10-07-12-30-12_UMBRA-04_METADATA.json,121.64110441269054,29.100361426780438
sar-data/tasks/ship_detection_testdata/77cca378-544b-4fc8-a793-5904f0cdf6f0/2024-03-21-05-09-38_UMBRA-05/2024-03-21-05-09-38_UMBRA-05_METADATA.json,62.33929686848093,25.106295119775456
sar-data/tasks/ship_detection_testdata/6faa7ad0-2a21-449a-bac2-54b54d98de9e/2023-10-07-01-58-07_UMBRA-04/2023-10-07-01-58-07_UMBRA-04_METADATA.json,120.5167555610016,27.200970522225575
sar-data/tasks/ship_detection_testdata/7701c494-1770-4fef-8564-1d71d446e5bb/2023-12-21-03-11-20_UMBRA-06/2023-12-21-03-11-20_UMBRA-06_METADATA.json,109.69112633186876,18.204138738460948
sar-data/tasks/ship_detection_testdata/76136574-bc6e-4279-a8e7-03712632b771/2023-12-24-18-56-24_UMBRA-05/2023-12-24-18-56-24_UMBRA-05_METADATA.json,43.35520108259965,12.612302298607304
sar-data/tasks/ship_detection_testdata/77078a69-43d9-4b0d-8700-d23c1c80a680/2023-11-29-06-27-01_UMBRA-05/2023-11-29-06-27-01_UMBRA-05_METADATA.json,43.065036171232876,11.589775166627163
sar-data/tasks/ship_detection_testdata/772255a4-0f63-4e4f-bec8-36f6f3a0c219/2023-05-10-13-51-00_UMBRA-04/2023-05-10-13-51-00_UMBRA-04_METADATA.json,109.5627978156963,18.186200253212146
sar-data/tasks/ship_detection_testdata/77104ee7-64e9-46c8-bcf4-745043e2f53c/2023-01-18-19-30-37_UMBRA-05/2023-01-18-19-30-37_UMBRA-05_METADATA.json,32.31147419517781,31.422804409520882
sar-data/tasks/ship_detection_testdata/71132737-111c-4701-849c-2120353dc390/2024-03-04-09-37-02_UMBRA-04/2024-03-04-09-37-02_UMBRA-04_METADATA.json,1.3212003189809958,51.9366999147629
sar-data/tasks/ship_detection_testdata/7812544b-72ce-4ab6-9573-d5eb17d7d4ff/2023-01-17-11-54-04_UMBRA-04/2023-01-17-11-54-04_UMBRA-04_METADATA.json,131.89213603708197,43.1103201650679
sar-data/tasks/ship_detection_testdata/76baf255-4676-4422-b6b9-e9cc3ad195b9/2023-07-29-12-49-14_UMBRA-04/2023-07-29-12-49-14_UMBRA-04_METADATA.json,121.5652073314221,31.378816425929248
sar-data/tasks/ship_detection_testdata/7731cf9c-1c76-4ed3-ae52-552ee24adb2f/2023-01-25-01-12-55_UMBRA-04/2023-01-25-01-12-55_UMBRA-04_METADATA.json,121.01428498039137,40.71254717555893
sar-data/tasks/ship_detection_testdata/78c5048f-42fa-49e6-bb79-06af8d34931e/2023-04-24-06-57-11_UMBRA-05/2023-04-24-06-57-11_UMBRA-05_METADATA.json,43.065999991511504,11.601150661188933
sar-data/tasks/ship_detection_testdata/79c44888-490e-48be-bbae-7e96e9be71a8/2023-12-06-20-27-33_UMBRA-05/2023-12-06-20-27-33_UMBRA-05_METADATA.json,12.114899991870386,54.146599603599924
sar-data/tasks/ship_detection_testdata/7955d64c-7ea6-4319-a06b-e850c2a1c220/2024-03-26-21-19-57_UMBRA-04/2024-03-26-21-19-57_UMBRA-04_METADATA.json,-1.2907994026636007,50.76920112570272
sar-data/tasks/ship_detection_testdata/7840f6f1-4ecb-4a5d-895b-5ae80459791c/2024-02-07-07-26-16_UMBRA-08/2024-02-07-07-26-16_UMBRA-08_METADATA.json,43.03919882818777,11.634599314186831
sar-data/tasks/ship_detection_testdata/77d9cf74-4b5b-4281-88b9-a34370ec12d8/2023-02-17-21-01-19_UMBRA-04/2023-02-17-21-01-19_UMBRA-04_METADATA.json,18.419809073287308,-33.91202245485814
sar-data/tasks/ship_detection_testdata/7aa0fe6d-f7b1-418e-aa8f-3c082995b078/2023-03-28-02-49-29_UMBRA-05/2023-03-28-02-49-29_UMBRA-05_METADATA.json,103.54276359902403,1.3525998541368467
sar-data/tasks/ship_detection_testdata/79c45434-4008-477d-969c-1d846118376d/2024-02-19-02-27-36_UMBRA-08/2024-02-19-02-27-36_UMBRA-08_METADATA.json,129.09550279924284,35.08030001590939
sar-data/tasks/ship_detection_testdata/7ae65ef2-b9e4-4a91-87d7-49d9b4c3d7da/2023-09-17-13-55-05_UMBRA-06/2023-09-17-13-55-05_UMBRA-06_METADATA.json,126.60185990699813,37.45767548916002
sar-data/tasks/ship_detection_testdata/79da4fb5-87c8-4b6f-ba25-c882d8d69928/2023-10-29-04-04-13_UMBRA-04/2023-10-29-04-04-13_UMBRA-04_METADATA.json,79.84651268320209,6.941100085205826
sar-data/tasks/ship_detection_testdata/7b27b5d9-a6de-419e-a577-e4b5a061b828/2024-02-20-17-31-38_UMBRA-05/2024-02-20-17-31-38_UMBRA-05_METADATA.json,43.157098729392814,12.909801127523744
sar-data/tasks/ship_detection_testdata/703b9b6c-53e2-4be2-b3da-3a34beb0b08f/2023-09-16-01-48-28_UMBRA-04/2023-09-16-01-48-28_UMBRA-04_METADATA.json,-76.46190108341509,38.96779961929572
sar-data/tasks/ship_detection_testdata/7c19b053-c376-420d-bb6e-c2d377544fa2/2023-06-19-13-49-40_UMBRA-05/2023-06-19-13-49-40_UMBRA-05_METADATA.json,111.74138423215771,16.462778562714384
sar-data/tasks/ship_detection_testdata/7715685a-28ce-45e5-9a5a-df8388fdadde/2023-10-06-02-28-43_UMBRA-05/2023-10-06-02-28-43_UMBRA-05_METADATA.json,117.22572775822093,23.623863557390827
sar-data/tasks/ship_detection_testdata/7d102689-c925-49c4-aa52-828c849b4bb6/2023-12-26-00-06-24_UMBRA-05/2023-12-26-00-06-24_UMBRA-05_METADATA.json,131.87511036539786,43.091995288701725
sar-data/tasks/ship_detection_testdata/7cbf866a-5cc1-4648-a5ff-7e9f8f9cc489/2023-12-27-06-10-17_UMBRA-04/2023-12-27-06-10-17_UMBRA-04_METADATA.json,43.075099336816876,11.604200820843621
sar-data/tasks/ship_detection_testdata/7a0f58f5-4732-4d93-b4f3-f15ce0418dab/2024-02-19-01-28-26_UMBRA-04/2024-02-19-01-28-26_UMBRA-04_METADATA.json,129.0955034587179,35.080300627717136
sar-data/tasks/ship_detection_testdata/7a665b19-a1fb-4a20-96bc-50cf160b7273/2023-02-11-02-34-32_UMBRA-04/2023-02-11-02-34-32_UMBRA-04_METADATA.json,109.56084369136704,18.184731850922578
sar-data/tasks/ship_detection_testdata/7903ebd3-4c96-41b1-bda3-804c2888a20c/2023-01-29-14-41-59_UMBRA-04/2023-01-29-14-41-59_UMBRA-04_METADATA.json,-77.05606064353528,38.87099115261545
sar-data/tasks/ship_detection_testdata/7b5207f2-b620-4bf9-b06a-c8fe416d6016/2023-06-23-06-40-32_UMBRA-06/2023-06-23-06-40-32_UMBRA-06_METADATA.json,56.20409999492828,27.135501270333485
sar-data/tasks/ship_detection_testdata/7c16d41a-ec04-4a07-b949-7e6dc34dcd20/2024-03-21-17-17-59_UMBRA-04/2024-03-21-17-17-59_UMBRA-04_METADATA.json,56.204798250482156,27.139500297006403
sar-data/tasks/ship_detection_testdata/7a5cde7e-8d75-40fd-a12c-8b96d901cb3b/2023-07-13-05-49-56_UMBRA-05/2023-07-13-05-49-56_UMBRA-05_METADATA.json,56.21019133735408,27.144886114366713
sar-data/tasks/ship_detection_testdata/7cac3980-755c-4f07-90bd-e667383f76ea/2023-06-15-13-09-30_UMBRA-05/2023-06-15-13-09-30_UMBRA-05_METADATA.json,115.82032737638602,22.752531713592067
sar-data/tasks/ship_detection_testdata/78970e7b-8a79-4c54-8516-ea30c096e849/2023-09-06-02-31-23_UMBRA-04/2023-09-06-02-31-23_UMBRA-04_METADATA.json,-77.06317967282402,38.869354668194745
sar-data/tasks/ship_detection_testdata/7d4707e0-e679-4719-93f5-1e2eb48354c2/2023-02-17-07-39-37_UMBRA-05/2023-02-17-07-39-37_UMBRA-05_METADATA.json,18.446955629264043,-33.915814302932155
sar-data/tasks/ship_detection_testdata/7f01bc22-4f75-4926-9b22-e0b980a95452/2023-06-20-12-05-44_UMBRA-04/2023-06-20-12-05-44_UMBRA-04_METADATA.json,129.4409176191469,35.51673218874946
sar-data/tasks/ship_detection_testdata/7d267192-3567-4c03-8fc1-68aecda14528/2023-09-17-01-33-59_UMBRA-04/2023-09-17-01-33-59_UMBRA-04_METADATA.json,-76.46189848220429,38.967798549631965
sar-data/tasks/ship_detection_testdata/7cbffb7b-e749-4c66-8789-027b0658f78e/2023-07-02-01-59-00_UMBRA-05/2023-07-02-01-59-00_UMBRA-05_METADATA.json,120.28446753295863,22.596768080323212
sar-data/tasks/ship_detection_testdata/81a10398-292e-498e-9b02-da30e2200b84/2024-02-14-02-00-38_UMBRA-04/2024-02-14-02-00-38_UMBRA-04_METADATA.json,117.46430123439211,23.665600239409947
sar-data/tasks/ship_detection_testdata/75bd61ef-87a4-42a1-9b1c-4d206daff324/2023-10-07-01-54-25_UMBRA-04/2023-10-07-01-54-25_UMBRA-04_METADATA.json,122.53156177860205,36.97896159154474
sar-data/tasks/ship_detection_testdata/7ef51dfd-9ba0-4eaa-8f4f-4fa6e789e3ba/2023-11-03-02-40-52_UMBRA-04/2023-11-03-02-40-52_UMBRA-04_METADATA.json,104.46939847067168,1.673600263007377
sar-data/tasks/ship_detection_testdata/81400c5d-7709-44aa-9628-0164c39e9205/2023-02-08-03-55-37_UMBRA-05/2023-02-08-03-55-37_UMBRA-05_METADATA.json,-90.27597024041333,-0.45469012419106625
sar-data/tasks/ship_detection_testdata/7a1a3420-98ca-483c-933c-d8292e65c50e/2023-10-15-18-16-00_UMBRA-04/2023-10-15-18-16-00_UMBRA-04_METADATA.json,43.06020092766108,11.595401981960109
sar-data/tasks/ship_detection_testdata/7dd41270-c292-4783-8e7e-0b466cf9c34d/2023-02-05-12-47-48_UMBRA-04/2023-02-05-12-47-48_UMBRA-04_METADATA.json,129.39444148541128,35.52452630076668
sar-data/tasks/ship_detection_testdata/81cb1306-68bc-45f3-8deb-2cdc5d46d27d/2023-11-21-18-45-56_UMBRA-04/2023-11-21-18-45-56_UMBRA-04_METADATA.json,42.934399576819544,14.837001199382637
sar-data/tasks/ship_detection_testdata/7e5c5e93-1f18-46bb-8c4a-1a31d3cca95a/2023-01-18-10-32-58_UMBRA-04/2023-01-18-10-32-58_UMBRA-04_METADATA.json,-5.355428867825002,36.12939489361808
sar-data/tasks/ship_detection_testdata/82ce482b-2f2e-42c6-b75c-f25d002aed5e/2023-12-02-10-30-09_UMBRA-05/2023-12-02-10-30-09_UMBRA-05_METADATA.json,-5.350002531079061,36.133335396641286
sar-data/tasks/ship_detection_testdata/8220168f-56bd-487c-b6e8-c009f277c20b/2024-03-09-01-49-51_UMBRA-05/2024-03-09-01-49-51_UMBRA-05_METADATA.json,119.44602968492836,24.97615622476802
sar-data/tasks/ship_detection_testdata/83acbf17-8d91-41c1-8259-946fa494b233/2024-02-14-03-15-24_UMBRA-08/2024-02-14-03-15-24_UMBRA-08_METADATA.json,109.68277750217564,18.210840712966576
sar-data/tasks/ship_detection_testdata/81e8800d-70fc-4f17-aed4-7ff8fc74e214/2023-10-22-14-43-50_UMBRA-04/2023-10-22-14-43-50_UMBRA-04_METADATA.json,103.84999869643075,1.283333264838034
sar-data/tasks/ship_detection_testdata/83796df3-a26f-4d96-a204-59aaf538dcce/2023-03-05-14-11-16_UMBRA-05/2023-03-05-14-11-16_UMBRA-05_METADATA.json,110.43698052469678,21.222379839819208
sar-data/tasks/ship_detection_testdata/817e0242-8d2e-4f46-98f5-6104870f6d46/2023-12-09-18-12-55_UMBRA-05/2023-12-09-18-12-55_UMBRA-05_METADATA.json,50.84300524421342,28.941999798811857
sar-data/tasks/ship_detection_testdata/7f65f06f-1d8e-4146-b654-ab934c8b087b/2023-07-12-06-03-37_UMBRA-05/2023-07-12-06-03-37_UMBRA-05_METADATA.json,52.024603762047875,26.593398705363963
sar-data/tasks/ship_detection_testdata/8423f26e-aa20-4250-8b5d-b6320872de61/2023-10-13-12-53-29_UMBRA-05/2023-10-13-12-53-29_UMBRA-05_METADATA.json,120.28299783490844,27.044001727898888
sar-data/tasks/ship_detection_testdata/841bef1f-d877-42b0-9bdd-e3ce2cedee27/2023-10-13-12-33-22_UMBRA-04/2023-10-13-12-33-22_UMBRA-04_METADATA.json,119.45630532897943,34.68899875729948
sar-data/tasks/ship_detection_testdata/83163c81-f082-4bc6-91a8-bb74daf11a79/2023-10-03-02-02-44_UMBRA-06/2023-10-03-02-02-44_UMBRA-06_METADATA.json,124.97419629232004,38.59360105415365
sar-data/tasks/ship_detection_testdata/8434c86d-94fe-4918-a456-fa0817cd6200/2023-06-30-16-05-29_UMBRA-04/2023-06-30-16-05-29_UMBRA-04_METADATA.json,83.27385747334438,17.699588659983263
sar-data/tasks/ship_detection_testdata/825d473c-09b6-4420-b488-97a739ed8684/2023-09-11-14-31-13_UMBRA-04/2023-09-11-14-31-13_UMBRA-04_METADATA.json,-77.05487896829219,38.87266177541966
sar-data/tasks/ship_detection_testdata/7d73ea18-bdae-4853-ac1d-2ff1d90af620/2023-01-29-14-09-24_UMBRA-04/2023-01-29-14-09-24_UMBRA-04_METADATA.json,109.69112224043894,18.20414018532287
sar-data/tasks/ship_detection_testdata/85807a69-a487-47aa-90ba-4c2111269f3b/2023-12-02-07-02-43_UMBRA-06/2023-12-02-07-02-43_UMBRA-06_METADATA.json,-118.24482551810144,33.7269627015493
sar-data/tasks/ship_detection_testdata/8308276c-99af-4762-817a-f44b8804e786/2023-07-18-09-21-08_UMBRA-05/2023-07-18-09-21-08_UMBRA-05_METADATA.json,4.810449628535544,52.40797275023551
sar-data/tasks/ship_detection_testdata/836c6532-6d38-45a8-a6a1-dff70903c1b5/2023-01-27-02-18-57_UMBRA-05/2023-01-27-02-18-57_UMBRA-05_METADATA.json,120.57579949088907,36.110773198356576
sar-data/tasks/ship_detection_testdata/84f16e16-284a-40bb-8e4e-e04a73ca520b/2023-06-14-13-25-40_UMBRA-04/2023-06-14-13-25-40_UMBRA-04_METADATA.json,121.64194864508084,29.101110989463837
sar-data/tasks/ship_detection_testdata/8553f059-92c4-4ff0-aa03-4f135af644cd/2023-03-17-19-33-08_UMBRA-04/2023-03-17-19-33-08_UMBRA-04_METADATA.json,28.987999654013542,41.01499858509304
sar-data/tasks/ship_detection_testdata/85918007-1bf6-4eb3-8fd7-f14e0266f120/2023-03-28-15-19-08_UMBRA-05/2023-03-28-15-19-08_UMBRA-05_METADATA.json,-77.03292048851175,38.88067043401653
sar-data/tasks/ship_detection_testdata/88362464-c80b-4b2a-8ecf-4c864bc15883/2024-03-29-17-52-28_UMBRA-05/2024-03-29-17-52-28_UMBRA-05_METADATA.json,55.13142069326478,25.118979138810445
sar-data/tasks/ship_detection_testdata/85d384ff-6451-4679-90a9-3a03a02ce0fb/2023-01-27-01-52-08_UMBRA-05/2023-01-27-01-52-08_UMBRA-05_METADATA.json,-76.5845424791393,39.24723749026712
sar-data/tasks/ship_detection_testdata/874649fd-09bc-4089-8c1e-e8324e61186d/2023-10-14-14-12-50_UMBRA-05/2023-10-14-14-12-50_UMBRA-05_METADATA.json,114.54318141809927,22.597551052605628
sar-data/tasks/ship_detection_testdata/81b8f6d3-3128-4fcd-8d58-ad3fdde3dd07/2023-07-09-14-05-22_UMBRA-04/2023-07-09-14-05-22_UMBRA-04_METADATA.json,111.55460410657092,21.28990102391265
sar-data/tasks/ship_detection_testdata/84e3aeeb-8931-430f-9a37-7e209a048b94/2023-07-02-17-16-12_UMBRA-05/2023-07-02-17-16-12_UMBRA-05_METADATA.json,56.21018984129137,27.14488630484145
sar-data/tasks/ship_detection_testdata/865078c3-d9a8-4bb9-bffa-cf907e291606/2023-02-03-00-50-16_UMBRA-05/2023-02-03-00-50-16_UMBRA-05_METADATA.json,131.92199566717815,43.08232290451245
sar-data/tasks/ship_detection_testdata/8709b829-9645-4d9e-911b-8f9ef341198b/2023-02-18-02-25-24_UMBRA-05/2023-02-18-02-25-24_UMBRA-05_METADATA.json,113.8993319307691,22.324392462856565
sar-data/tasks/ship_detection_testdata/8846a51b-aa56-4e91-823b-63dc4b56a12a/2023-02-07-06-24-58_UMBRA-05/2023-02-07-06-24-58_UMBRA-05_METADATA.json,55.15046965587272,25.214430284706467
sar-data/tasks/ship_detection_testdata/88fdef7d-525d-4cb9-b85e-1fde6366cecd/2023-06-15-13-09-50_UMBRA-04/2023-06-15-13-09-50_UMBRA-04_METADATA.json,115.82032658607568,22.752531451677974
sar-data/tasks/ship_detection_testdata/84396361-8329-4a4c-95a5-d49f0ee98fed/2023-06-17-12-46-01_UMBRA-05/2023-06-17-12-46-01_UMBRA-05_METADATA.json,121.38333293295112,36.70833346644594
sar-data/tasks/ship_detection_testdata/88c50d0c-9199-42ee-8c07-ac11362e587d/2024-03-19-15-12-16_UMBRA-06/2024-03-19-15-12-16_UMBRA-06_METADATA.json,-79.53079964257189,8.842800648009705
sar-data/tasks/ship_detection_testdata/8a8d6223-9000-4b07-b785-a1d03f2b80a7/2023-06-18-01-55-20_UMBRA-05/2023-06-18-01-55-20_UMBRA-05_METADATA.json,121.38333321673656,36.7083328579435
sar-data/tasks/ship_detection_testdata/85dafa35-12cc-450d-a4be-38547dbd3b07/2023-07-14-02-31-01_UMBRA-04/2023-07-14-02-31-01_UMBRA-04_METADATA.json,111.67277566616579,16.574754428895975
sar-data/tasks/ship_detection_testdata/86ed1d43-d786-4959-925d-e0021684ff8b/2023-01-27-00-48-29_UMBRA-04/2023-01-27-00-48-29_UMBRA-04_METADATA.json,131.9219959607186,43.082322813747055
sar-data/tasks/ship_detection_testdata/82797078-f2f6-408e-8879-eab34fd693e9/2023-01-31-01-35-59_UMBRA-04/2023-01-31-01-35-59_UMBRA-04_METADATA.json,121.8909915965233,38.986487212030546
sar-data/tasks/ship_detection_testdata/885ab4be-7cb9-4b51-89ab-805cf81e6ceb/2023-03-06-02-03-58_UMBRA-04/2023-03-06-02-03-58_UMBRA-04_METADATA.json,121.61586726402989,38.93533027272767
sar-data/tasks/ship_detection_testdata/8af5909d-a7d3-4285-82ca-720ded5affd5/2023-08-04-13-05-23_UMBRA-04/2023-08-04-13-05-23_UMBRA-04_METADATA.json,125.39228031878267,38.71741999453451
sar-data/tasks/ship_detection_testdata/8b84c64a-745c-4d60-870c-b69b96425e94/2024-03-29-03-13-19_UMBRA-04/2024-03-29-03-13-19_UMBRA-04_METADATA.json,100.39150241393159,4.592669341537895
sar-data/tasks/ship_detection_testdata/8641f3b2-462f-49af-a9c4-9d823d562c12/2023-07-18-01-33-49_UMBRA-05/2023-07-18-01-33-49_UMBRA-05_METADATA.json,120.28446723963805,22.596767860469807
sar-data/tasks/ship_detection_testdata/8b7e30e7-9b57-418f-a6a5-7cdbe58bd0a7/2023-01-23-02-45-04_UMBRA-04/2023-01-23-02-45-04_UMBRA-04_METADATA.json,-76.37573206387283,38.99182119763783
sar-data/tasks/ship_detection_testdata/8989d3f3-28b6-475d-83e2-43b1cc5e9421/2023-08-31-02-47-08_UMBRA-05/2023-08-31-02-47-08_UMBRA-05_METADATA.json,110.43739060446089,21.225479577665787
sar-data/tasks/ship_detection_testdata/88c89e1b-c091-4b9c-878e-7df0881e52f1/2024-03-02-18-37-58_UMBRA-06/2024-03-02-18-37-58_UMBRA-06_METADATA.json,42.959999358397276,13.34580056386989
sar-data/tasks/ship_detection_testdata/8cb57d40-928d-44bd-9a22-c5ecd959ce80/2023-10-10-01-31-44_UMBRA-05/2023-10-10-01-31-44_UMBRA-05_METADATA.json,117.49361628947541,23.82916820550977
sar-data/tasks/ship_detection_testdata/8cd3eeb0-22e2-42d7-969e-030826a3a0c6/2023-06-30-12-56-34_UMBRA-05/2023-06-30-12-56-34_UMBRA-05_METADATA.json,120.28446743203585,22.596768250910717
sar-data/tasks/ship_detection_testdata/8caabc82-1ed3-4830-9e0c-df629fe31043/2023-05-07-14-40-53_UMBRA-05/2023-05-07-14-40-53_UMBRA-05_METADATA.json,-75.17298929426121,39.90092347560869
sar-data/tasks/ship_detection_testdata/8cdeb102-e0e3-4835-a0c1-70b0fa028383/2023-12-09-17-51-34_UMBRA-04/2023-12-09-17-51-34_UMBRA-04_METADATA.json,56.06101071875064,27.102005390655872
sar-data/tasks/ship_detection_testdata/8b263282-51c6-4976-b0e3-c022b0e3de4d/2023-02-02-14-51-00_UMBRA-04/2023-02-02-14-51-00_UMBRA-04_METADATA.json,103.87499985389336,1.3039999724807616
sar-data/tasks/ship_detection_testdata/8e802bcc-571b-4002-8020-dee255641eb4/2023-08-09-04-35-32_UMBRA-04/2023-08-09-04-35-32_UMBRA-04_METADATA.json,83.27899890256376,17.690001414830704
sar-data/tasks/ship_detection_testdata/8cd3645d-c48e-4243-9938-d37dd35b6cab/2023-06-18-01-55-44_UMBRA-04/2023-06-18-01-55-44_UMBRA-04_METADATA.json,121.38333361390374,36.70833259273171
sar-data/tasks/ship_detection_testdata/8f0746df-fa56-4e10-bfe5-c43753d1907c/2023-10-07-14-03-17_UMBRA-04/2023-10-07-14-03-17_UMBRA-04_METADATA.json,115.81805442173918,22.744443853922323
sar-data/tasks/ship_detection_testdata/8f04f9c0-1dbb-4927-83cd-eefcba64e947/2023-02-19-14-24-19_UMBRA-04/2023-02-19-14-24-19_UMBRA-04_METADATA.json,103.86071061313994,1.2875276274748053
sar-data/tasks/ship_detection_testdata/883c18d3-efbb-4220-8b24-2911640e459e/2023-06-11-14-00-00_UMBRA-04/2023-06-11-14-00-00_UMBRA-04_METADATA.json,114.47498374875921,10.378174744221363
sar-data/tasks/ship_detection_testdata/8bb4ee04-6da6-465c-a8af-ae0e233f7a8f/2023-12-21-08-07-48_UMBRA-06/2023-12-21-08-07-48_UMBRA-06_METADATA.json,4.058334436181448,51.95230299451452
sar-data/tasks/ship_detection_testdata/8f4ad542-375b-4d39-82dd-7ea820f43877/2023-10-27-02-22-38_UMBRA-05/2023-10-27-02-22-38_UMBRA-05_METADATA.json,103.84999827867632,1.2833335238962473
sar-data/tasks/ship_detection_testdata/8ec61c33-7fa7-4899-a132-1b6d1973c8f5/2024-02-16-02-54-09_UMBRA-07/2024-02-16-02-54-09_UMBRA-07_METADATA.json,121.76982154165745,29.536031095808056
sar-data/tasks/ship_detection_testdata/8b846cf4-07cc-4f7c-b965-98fc54332995/2023-02-09-15-35-26_UMBRA-04/2023-02-09-15-35-26_UMBRA-04_METADATA.json,-77.05564130763892,38.87173889237081
sar-data/tasks/ship_detection_testdata/89ea86f6-7172-45c5-9a34-078d24f96803/2023-01-25-13-28-39_UMBRA-04/2023-01-25-13-28-39_UMBRA-04_METADATA.json,121.014285486387,40.71254784890146
sar-data/tasks/ship_detection_testdata/90127c50-26c5-41ec-a129-74bed5422d6b/2023-06-11-13-59-51_UMBRA-05/2023-06-11-13-59-51_UMBRA-05_METADATA.json,114.47498438430594,10.378175523801085
sar-data/tasks/ship_detection_testdata/89f6e05c-b692-49f7-a55e-7348e1f56184/2023-09-05-06-26-56_UMBRA-06/2023-09-05-06-26-56_UMBRA-06_METADATA.json,50.32185298217028,29.260618637011888
sar-data/tasks/ship_detection_testdata/8faa7d05-7b7a-43d3-b68d-f680b0f81574/2023-02-01-18-09-07_UMBRA-05/2023-02-01-18-09-07_UMBRA-05_METADATA.json,43.060781199283575,11.593230863531378
sar-data/tasks/ship_detection_testdata/908c59fe-99d8-4d6c-b8a9-3e64e6b9a2a9/2023-06-27-10-42-59_UMBRA-06/2023-06-27-10-42-59_UMBRA-06_METADATA.json,-5.311119711771781,35.8941015722804
sar-data/tasks/ship_detection_testdata/91386db8-2b60-463e-9367-521e18973d47/2023-01-31-06-17-36_UMBRA-05/2023-01-31-06-17-36_UMBRA-05_METADATA.json,55.97222070206692,27.047529574997146
sar-data/tasks/ship_detection_testdata/906728d1-2f9c-47ee-8adf-a975a6495e9a/2023-02-21-12-31-03_UMBRA-04/2023-02-21-12-31-03_UMBRA-04_METADATA.json,127.70356011871843,34.9066344978658
sar-data/tasks/ship_detection_testdata/8f8cd4f3-d0c6-444b-b364-dd7840248fb8/2023-01-18-15-21-36_UMBRA-05/2023-01-18-15-21-36_UMBRA-05_METADATA.json,-79.71103985094649,9.103327916683101
sar-data/tasks/ship_detection_testdata/8877e493-575d-4534-ba26-e5dba4da380b/2023-06-23-15-18-26_UMBRA-06/2023-06-23-15-18-26_UMBRA-06_METADATA.json,103.85639916840896,1.286399997122298
sar-data/tasks/ship_detection_testdata/9359c395-a244-4a83-9f24-9069a811d6fd/2023-12-21-01-52-19_UMBRA-04/2023-12-21-01-52-19_UMBRA-04_METADATA.json,110.9513781350705,19.614501519007042
sar-data/tasks/ship_detection_testdata/92c2b446-415c-4d26-88bc-70fdb652e852/2024-03-20-02-09-55_UMBRA-05/2024-03-20-02-09-55_UMBRA-05_METADATA.json,114.64160077472101,9.98549932477615
sar-data/tasks/ship_detection_testdata/93e6af39-4481-462d-9516-fae13f948dec/2024-02-07-14-46-58_UMBRA-05/2024-02-07-14-46-58_UMBRA-05_METADATA.json,-71.62509824023152,10.510300231969234
sar-data/tasks/ship_detection_testdata/9008a316-35f2-4155-b833-cdeacdfdc6f1/2023-08-24-13-21-36_UMBRA-04/2023-08-24-13-21-36_UMBRA-04_METADATA.json,121.23960016796839,36.68150073872818
sar-data/tasks/ship_detection_testdata/9413f559-3cbd-4883-9404-c8abe2b34559/2023-02-26-14-27-44_UMBRA-04/2023-02-26-14-27-44_UMBRA-04_METADATA.json,100.89605872709252,13.06719956696859
sar-data/tasks/ship_detection_testdata/93360ccf-a2d6-442b-995e-865b35713aec/2023-02-11-10-25-30_UMBRA-04/2023-02-11-10-25-30_UMBRA-04_METADATA.json,-5.348713240839684,36.15122402637918
sar-data/tasks/ship_detection_testdata/9475b548-fe41-408b-ad27-5440200552b5/2023-02-06-12-26-42_UMBRA-05/2023-02-06-12-26-42_UMBRA-05_METADATA.json,128.7019211881061,34.869057552372205
sar-data/tasks/ship_detection_testdata/8e291ce5-0ad2-4d89-b651-df3ed6b58b64/2023-02-25-14-27-29_UMBRA-05/2023-02-25-14-27-29_UMBRA-05_METADATA.json,100.89605771814456,13.067199747733541
sar-data/tasks/ship_detection_testdata/93ab32c5-cf81-4a98-866a-b9fa6b465a03/2023-02-19-02-23-58_UMBRA-04/2023-02-19-02-23-58_UMBRA-04_METADATA.json,114.15904417862643,22.28020021869073
sar-data/tasks/ship_detection_testdata/9266aa79-68b6-484d-ab27-c26581af920b/2023-12-08-06-15-45_UMBRA-05/2023-12-08-06-15-45_UMBRA-05_METADATA.json,54.60700301976814,24.483522217867193
sar-data/tasks/ship_detection_testdata/949d5a1e-35ef-4982-9114-6e90fbefd918/2023-09-19-06-38-00_UMBRA-06/2023-09-19-06-38-00_UMBRA-06_METADATA.json,56.203587144303754,27.159673825010564
sar-data/tasks/ship_detection_testdata/96113672-c7ee-45c8-aa1a-c35225121743/2024-03-29-14-39-06_UMBRA-05/2024-03-29-14-39-06_UMBRA-05_METADATA.json,95.83790123351345,6.284310984965344
sar-data/tasks/ship_detection_testdata/9513e81c-063e-4795-b3d4-f59dc48d7426/2023-02-06-12-28-36_UMBRA-05/2023-02-06-12-28-36_UMBRA-05_METADATA.json,121.01116714530124,40.71373122603785
sar-data/tasks/ship_detection_testdata/953d3787-c77d-4108-a61e-749153fffedc/2023-10-04-01-21-18_UMBRA-05/2023-10-04-01-21-18_UMBRA-05_METADATA.json,117.49361628545361,23.829168316257455
sar-data/tasks/ship_detection_testdata/96192780-6cc9-4150-9541-188718b20b56/2023-02-03-15-14-53_UMBRA-05/2023-02-03-15-14-53_UMBRA-05_METADATA.json,-79.5813816483861,8.97366844431328
sar-data/tasks/ship_detection_testdata/94b3f1b2-0a35-45c7-91be-ff1a036fd6e0/2023-06-14-14-39-40_UMBRA-06/2023-06-14-14-39-40_UMBRA-06_METADATA.json,-70.01454992276308,12.501770995968279
sar-data/tasks/ship_detection_testdata/923831fd-8730-4b5b-bfed-de8740a1d256/2023-12-03-04-41-26_UMBRA-06/2023-12-03-04-41-26_UMBRA-06_METADATA.json,79.84029385198012,6.952095994677803
sar-data/tasks/ship_detection_testdata/92ecf5f0-45f4-4f86-ac60-6584402a2e8b/2023-03-16-19-28-18_UMBRA-05/2023-03-16-19-28-18_UMBRA-05_METADATA.json,27.155998655100767,38.446802227453546
sar-data/tasks/ship_detection_testdata/946dd7e0-2208-4a1f-bd8a-230dd4313472/2023-01-23-01-42-06_UMBRA-04/2023-01-23-01-42-06_UMBRA-04_METADATA.json,114.07347335452555,22.350890377953206
sar-data/tasks/ship_detection_testdata/97c59b22-d5b8-4fb8-8bfd-2dbaf2ce03fa/2023-04-03-15-22-38_UMBRA-05/2023-04-03-15-22-38_UMBRA-05_METADATA.json,-77.05439746774606,38.869999478285685
sar-data/tasks/ship_detection_testdata/97cba65c-4182-4cf9-a178-a2e067093abb/2023-07-08-14-51-05_UMBRA-05/2023-07-08-14-51-05_UMBRA-05_METADATA.json,-77.04170205998194,35.50430174364359
sar-data/tasks/ship_detection_testdata/935d0355-dd2b-480b-9dbd-38f7bb65a5de/2023-06-04-13-59-41_UMBRA-06/2023-06-04-13-59-41_UMBRA-06_METADATA.json,129.44091784659634,35.516731875134724
sar-data/tasks/ship_detection_testdata/97f3cdd7-0e77-4389-ac4e-1c336e5f366b/2024-01-24-08-31-14_UMBRA-04/2024-01-24-08-31-14_UMBRA-04_METADATA.json,19.891582997078938,54.638819046495854
sar-data/tasks/ship_detection_testdata/9b3dc15d-e7c8-4062-8d6b-b7ccb73b13e1/2023-12-20-16-54-36_UMBRA-05/2023-12-20-16-54-36_UMBRA-05_METADATA.json,-117.18219664418277,32.712001824738294
sar-data/tasks/ship_detection_testdata/99451390-ffc6-4688-9d83-2f4798f09957/2023-07-02-02-55-49_UMBRA-04/2023-07-02-02-55-49_UMBRA-04_METADATA.json,-79.90176495629368,9.358236150423288
sar-data/tasks/ship_detection_testdata/9b7fc2fa-7046-4cad-8f6e-766cd2280469/2023-07-05-15-31-00_UMBRA-04/2023-07-05-15-31-00_UMBRA-04_METADATA.json,-76.16796814529137,36.96925284870992
sar-data/tasks/ship_detection_testdata/9402cdaa-c174-4d87-81ce-41a264a46d74/2023-04-27-20-26-53_UMBRA-04/2023-04-27-20-26-53_UMBRA-04_METADATA.json,10.14869955198527,54.32240269213297
sar-data/tasks/ship_detection_testdata/9a6a64d6-544c-4e43-b073-702dd7430164/2023-08-07-12-25-38_UMBRA-04/2023-08-07-12-25-38_UMBRA-04_METADATA.json,125.39228081063978,38.71741938909457
sar-data/tasks/ship_detection_testdata/94297e10-69d6-48d4-a112-c743ace2928d/2024-01-04-07-05-13_UMBRA-05/2024-01-04-07-05-13_UMBRA-05_METADATA.json,42.926360531249394,14.798341366705147
sar-data/tasks/ship_detection_testdata/9605462a-16be-4bf6-a3f4-fc82cb86997a/2023-07-13-15-18-17_UMBRA-05/2023-07-13-15-18-17_UMBRA-05_METADATA.json,-76.12373998003315,36.982431287330826
sar-data/tasks/ship_detection_testdata/9acf3a7e-688d-485a-bd9d-1059574a6a5e/2023-02-08-01-25-04_UMBRA-05/2023-02-08-01-25-04_UMBRA-05_METADATA.json,121.750443892925,31.34236954205714
sar-data/tasks/ship_detection_testdata/99b7ac83-df7c-4a96-bb8f-e0749bc2980c/2023-12-02-10-26-30_UMBRA-05/2023-12-02-10-26-30_UMBRA-05_METADATA.json,-2.100003726405175,49.18333683676778
sar-data/tasks/ship_detection_testdata/9b35e04f-dc8e-49a7-8020-4eb47af4ae0a/2023-07-27-05-51-59_UMBRA-05/2023-07-27-05-51-59_UMBRA-05_METADATA.json,56.20410108892616,27.139698293971215
sar-data/tasks/ship_detection_testdata/9bae3c14-67ac-45f9-b6e5-eaf3755dec4a/2023-10-01-01-59-08_UMBRA-05/2023-10-01-01-59-08_UMBRA-05_METADATA.json,122.53156203763326,36.97896207513641
sar-data/tasks/ship_detection_testdata/9aaacd6e-b1c0-4a9d-a3eb-402f908d07a8/2023-10-07-02-13-05_UMBRA-05/2023-10-07-02-13-05_UMBRA-05_METADATA.json,120.28299764476539,27.044001763584216
sar-data/tasks/ship_detection_testdata/9d6a100e-0c8e-4069-b394-7d10911b11e2/2023-08-17-04-22-47_UMBRA-05/2023-08-17-04-22-47_UMBRA-05_METADATA.json,83.27899873864783,17.690001412312068
sar-data/tasks/ship_detection_testdata/9da6899e-4c4b-454e-81e4-c78a3bb8fa07/2023-08-31-01-10-58_UMBRA-05/2023-08-31-01-10-58_UMBRA-05_METADATA.json,121.7726929916192,29.537501967933586
sar-data/tasks/ship_detection_testdata/9cdcdd63-afcf-4f3b-964b-6c2644ebebc7/2023-06-24-01-45-46_UMBRA-06/2023-06-24-01-45-46_UMBRA-06_METADATA.json,122.09770317811375,29.997900103385735
sar-data/tasks/ship_detection_testdata/9ac02a7a-984c-4836-b1ea-5eb0f956d887/2023-06-24-01-44-23_UMBRA-06/2023-06-24-01-44-23_UMBRA-06_METADATA.json,122.09770275742619,29.99789986460053
sar-data/tasks/ship_detection_testdata/9e944902-45c5-44f6-9f81-aadd30bf7539/2023-02-03-02-25-26_UMBRA-05/2023-02-03-02-25-26_UMBRA-05_METADATA.json,121.01116811586081,40.713730884580244
sar-data/tasks/ship_detection_testdata/9e135775-7579-4d9d-a9be-dbb2c2515622/2023-03-11-02-00-04_UMBRA-04/2023-03-11-02-00-04_UMBRA-04_METADATA.json,-77.06050076453498,38.8892004020996
sar-data/tasks/ship_detection_testdata/9d2a62ef-c51e-41af-8748-6489f207251d/2023-01-24-07-59-23_UMBRA-04/2023-01-24-07-59-23_UMBRA-04_METADATA.json,13.270179471025667,-8.791910020746117
sar-data/tasks/ship_detection_testdata/9e48504b-450c-4fd1-90b5-973ca409f58c/2023-12-06-02-07-18_UMBRA-04/2023-12-06-02-07-18_UMBRA-04_METADATA.json,114.6388015357146,9.983700339399293
sar-data/tasks/ship_detection_testdata/9c0067c5-d774-4988-8509-77ee14362ed3/2023-02-11-02-28-50_UMBRA-04/2023-02-11-02-28-50_UMBRA-04_METADATA.json,117.75068731115303,38.983273256277215
sar-data/tasks/ship_detection_testdata/9bbda4c2-c8c0-4f19-868d-79ae08640128/2023-06-30-05-36-53_UMBRA-04/2023-06-30-05-36-53_UMBRA-04_METADATA.json,54.45327839542446,24.42797577517313
sar-data/tasks/ship_detection_testdata/9f8edd56-c2e8-476b-9640-2f7da4244530/2024-03-27-02-00-04_UMBRA-04/2024-03-27-02-00-04_UMBRA-04_METADATA.json,-76.52631406340437,39.21855290938148
sar-data/tasks/ship_detection_testdata/98a60890-a532-4920-af9c-90ccfc59ad85/2023-06-14-15-17-52_UMBRA-06/2023-06-14-15-17-52_UMBRA-06_METADATA.json,114.98332882637874,22.6944455517513
sar-data/tasks/ship_detection_testdata/a04d35f6-53ee-4e3f-b2c0-865a97157f72/2023-01-24-06-16-46_UMBRA-04/2023-01-24-06-16-46_UMBRA-04_METADATA.json,45.005418867673626,12.790649422131263
sar-data/tasks/ship_detection_testdata/9b7b36e9-7931-44e0-b0bf-f10fec5ecee1/2023-09-15-15-10-29_UMBRA-05/2023-09-15-15-10-29_UMBRA-05_METADATA.json,-76.46190159185845,38.96779876898759
sar-data/tasks/ship_detection_testdata/a0003d95-7cab-4bb0-ba63-fcb4eccabe2b/2023-02-09-02-27-40_UMBRA-04/2023-02-09-02-27-40_UMBRA-04_METADATA.json,-77.04062728182382,38.87931886244262
sar-data/tasks/ship_detection_testdata/9eb498b0-8b2d-4fdf-8c7d-793e3f26da0e/2023-06-17-12-46-27_UMBRA-04/2023-06-17-12-46-27_UMBRA-04_METADATA.json,121.38333315962906,36.708333071745805
sar-data/tasks/ship_detection_testdata/9fa774c6-60e1-4948-ba3e-115b1ff2f058/2023-10-25-10-35-27_UMBRA-05/2023-10-25-10-35-27_UMBRA-05_METADATA.json,-5.350006804587845,36.133335754010325
sar-data/tasks/ship_detection_testdata/a050b81a-d53e-458d-b440-1de4f2788935/2023-11-26-14-16-56_UMBRA-05/2023-11-26-14-16-56_UMBRA-05_METADATA.json,111.70668709803475,16.4505052263003
sar-data/tasks/ship_detection_testdata/9d1f9750-bb7d-417f-b69c-b6d18f87917b/2023-01-26-17-57-34_UMBRA-04/2023-01-26-17-57-34_UMBRA-04_METADATA.json,53.65638035748705,24.842720100540042
sar-data/tasks/ship_detection_testdata/990b9308-5f53-42ee-bc57-ceff90dbc992/2023-09-19-04-05-45_UMBRA-06/2023-09-19-04-05-45_UMBRA-06_METADATA.json,-79.56940417973352,8.956993609896875
sar-data/tasks/ship_detection_testdata/9ba73b07-b2ba-4d22-aeed-4b4c2bf2951a/2023-02-01-18-09-23_UMBRA-05/2023-02-01-18-09-23_UMBRA-05_METADATA.json,43.06078145392745,11.593231113501242
sar-data/tasks/ship_detection_testdata/a070d5b3-3cf4-4cde-b8a4-27e49ad49e6a/2023-06-30-02-26-22_UMBRA-04/2023-06-30-02-26-22_UMBRA-04_METADATA.json,113.92770278614644,22.313125929392392
sar-data/tasks/ship_detection_testdata/a54c017e-2176-4c59-a83f-da5d4dc89b73/2023-07-02-12-35-03_UMBRA-04/2023-07-02-12-35-03_UMBRA-04_METADATA.json,131.91947787333976,43.080607548926665
sar-data/tasks/ship_detection_testdata/a118ddaa-9de7-4b1f-b714-1b82e640f7fd/2023-02-26-02-20-16_UMBRA-04/2023-02-26-02-20-16_UMBRA-04_METADATA.json,117.75068783203857,38.983273019272865
sar-data/tasks/ship_detection_testdata/9ec71b09-28f1-4d80-a05a-bdf53400867e/2023-01-24-07-49-52_UMBRA-04/2023-01-24-07-49-52_UMBRA-04_METADATA.json,39.16070396195953,21.462539760425216
sar-data/tasks/ship_detection_testdata/a05c4721-edf9-478c-8d3d-7dbf30763975/2023-11-04-12-38-53_UMBRA-05/2023-11-04-12-38-53_UMBRA-05_METADATA.json,121.23899974160237,36.681499895713614
sar-data/tasks/ship_detection_testdata/a4e7880d-272d-4cb3-90e8-0fb4aaed4e49/2024-02-07-14-44-36_UMBRA-08/2024-02-07-14-44-36_UMBRA-08_METADATA.json,115.44719691832302,22.700200104575764
sar-data/tasks/ship_detection_testdata/a6822f24-a1a4-4ba7-a592-531fa72a8217/2024-03-30-14-26-58_UMBRA-05/2024-03-30-14-26-58_UMBRA-05_METADATA.json,98.57245859325522,4.888922042692832
sar-data/tasks/ship_detection_testdata/a1b6dd85-e11d-4b95-b55c-245c8f2affc0/2023-12-11-13-43-07_UMBRA-05/2023-12-11-13-43-07_UMBRA-05_METADATA.json,-68.00749991956445,10.489899798254386
sar-data/tasks/ship_detection_testdata/9f127ea6-05f6-4f14-9884-e01b37bd064c/2023-10-28-10-29-05_UMBRA-04/2023-10-28-10-29-05_UMBRA-04_METADATA.json,-2.5333334583042197,49.450002020659404
sar-data/tasks/ship_detection_testdata/a8f9c1db-fb4f-4bd5-9fa0-379b55dd0105/2023-03-05-12-41-02_UMBRA-05/2023-03-05-12-41-02_UMBRA-05_METADATA.json,121.61586704710388,38.93533032788472
sar-data/tasks/ship_detection_testdata/9fc2fff1-8b86-4b18-917c-35ced621816b/2023-08-26-02-21-25_UMBRA-05/2023-08-26-02-21-25_UMBRA-05_METADATA.json,112.34055924923058,16.834766851771892
sar-data/tasks/ship_detection_testdata/a05bf5eb-9a49-4a23-83f1-a80761426162/2023-12-21-05-39-45_UMBRA-05/2023-12-21-05-39-45_UMBRA-05_METADATA.json,53.98099574645944,26.527000264503073
sar-data/tasks/ship_detection_testdata/a03e930c-48d5-49d4-91f4-8cc1cdcac5f0/2023-01-24-12-04-30_UMBRA-04/2023-01-24-12-04-30_UMBRA-04_METADATA.json,129.39444124934218,35.52452612431222
sar-data/tasks/ship_detection_testdata/a132aa09-b412-4d99-a820-9a2fbdf42f76/2023-04-05-13-13-45_UMBRA-04/2023-04-05-13-13-45_UMBRA-04_METADATA.json,121.74327642410117,31.348441836427792
sar-data/tasks/ship_detection_testdata/a5c9876d-774b-4592-9626-92f4013ff864/2023-04-13-07-03-22_UMBRA-04/2023-04-13-07-03-22_UMBRA-04_METADATA.json,43.062010373625306,11.59325140861148
sar-data/tasks/ship_detection_testdata/a4e0fd9a-d7fd-4040-bf3f-a23b7d576c46/2023-09-11-14-30-34_UMBRA-05/2023-09-11-14-30-34_UMBRA-05_METADATA.json,-77.05487891914763,38.872661606840474
sar-data/tasks/ship_detection_testdata/a65d0f00-fb38-47b7-a4d9-1313116d8374/2023-03-24-12-41-33_UMBRA-05/2023-03-24-12-41-33_UMBRA-05_METADATA.json,130.41079768395056,33.64640119523002
sar-data/tasks/ship_detection_testdata/a4289ffb-8e48-4a37-97af-a534c2cc1ef5/2023-06-18-01-57-08_UMBRA-05/2023-06-18-01-57-08_UMBRA-05_METADATA.json,120.51300226541665,27.20199866645122
sar-data/tasks/ship_detection_testdata/abf46753-9e72-4727-b937-f4c9e04eb38e/2023-02-25-14-24-21_UMBRA-05/2023-02-25-14-24-21_UMBRA-05_METADATA.json,103.62780756237909,1.2720548438593446
sar-data/tasks/ship_detection_testdata/9fe30e12-171e-4e09-9743-0473b8c18c7e/2024-03-29-03-55-56_UMBRA-07/2024-03-29-03-55-56_UMBRA-07_METADATA.json,102.65303667832679,1.8167218312189268
sar-data/tasks/ship_detection_testdata/a2699307-1b13-4d43-9076-8703522dd2fb/2023-09-13-04-00-12_UMBRA-05/2023-09-13-04-00-12_UMBRA-05_METADATA.json,-104.29750059226427,19.066199053490145
sar-data/tasks/ship_detection_testdata/a4f70342-e5b5-41e5-8137-2ae06e0649f9/2024-03-29-03-14-35_UMBRA-04/2024-03-29-03-14-35_UMBRA-04_METADATA.json,100.19351773875793,4.290462056036471
sar-data/tasks/ship_detection_testdata/a1c7d8f2-5a78-4f7d-a5d7-8259c8bbd002/2023-11-14-13-40-45_UMBRA-04/2023-11-14-13-40-45_UMBRA-04_METADATA.json,-64.62770115021146,10.238900645744957
sar-data/tasks/ship_detection_testdata/9fa4eb0e-80aa-4b26-8af7-cc57f3bfae14/2024-03-30-03-20-27_UMBRA-06/2024-03-30-03-20-27_UMBRA-06_METADATA.json,-78.01959875709633,33.92120109291648
sar-data/tasks/ship_detection_testdata/a9fceda5-7fa5-4849-b76b-dd6d7a50dae9/2023-07-23-14-02-49_UMBRA-05/2023-07-23-14-02-49_UMBRA-05_METADATA.json,114.66514541003156,8.855687432079113
sar-data/tasks/ship_detection_testdata/a954728e-1706-4be6-b5c5-9fd51132c6c8/2023-04-10-01-26-50_UMBRA-04/2023-04-10-01-26-50_UMBRA-04_METADATA.json,120.27181084752665,22.692845886451167
sar-data/tasks/ship_detection_testdata/ac81c597-e14d-4e95-9c79-b6c8760f8042/2024-03-29-03-13-45_UMBRA-04/2024-03-29-03-13-45_UMBRA-04_METADATA.json,100.34198942763433,4.517117594832971
sar-data/tasks/ship_detection_testdata/ac1297cc-5e08-4549-a348-7aa68076407d/2023-08-09-13-32-28_UMBRA-05/2023-08-09-13-32-28_UMBRA-05_METADATA.json,120.32129661806457,36.055001414132015
sar-data/tasks/ship_detection_testdata/a8fcf7c8-ed66-40a9-95dd-f2197cdef37e/2023-10-02-01-55-55_UMBRA-05/2023-10-02-01-55-55_UMBRA-05_METADATA.json,103.45160760647302,1.227267043423949
sar-data/tasks/ship_detection_testdata/a332e351-dc40-4108-9385-8d27a544a28f/2023-10-27-01-37-43_UMBRA-05/2023-10-27-01-37-43_UMBRA-05_METADATA.json,-61.516665312717485,10.650000855869903
sar-data/tasks/ship_detection_testdata/a6bfa9bf-b353-441f-b3dd-5324d2af8be4/2023-09-11-03-28-50_UMBRA-06/2023-09-11-03-28-50_UMBRA-06_METADATA.json,101.3001561740152,2.939602016987193
sar-data/tasks/ship_detection_testdata/a98ae13a-5198-43cc-a162-b83ce9859b65/2023-06-27-13-38-04_UMBRA-04/2023-06-27-13-38-04_UMBRA-04_METADATA.json,112.20079737358812,21.440701280600223
sar-data/tasks/ship_detection_testdata/a7bf5cbb-e650-4a7d-97d6-66b6f8d8b160/2023-10-01-17-19-15_UMBRA-05/2023-10-01-17-19-15_UMBRA-05_METADATA.json,55.27140109640682,25.265400196468924
sar-data/tasks/ship_detection_testdata/a37a0a4f-e753-4e6c-a6e6-6768864435dd/2024-03-28-22-50-17_UMBRA-06/2024-03-28-22-50-17_UMBRA-06_METADATA.json,-9.145000203399352,38.70909973818285
sar-data/tasks/ship_detection_testdata/ad1e4361-26fe-4eb1-a7d7-0a3badb918fb/2024-01-18-15-07-04_UMBRA-05/2024-01-18-15-07-04_UMBRA-05_METADATA.json,-77.04639926500259,38.859899462151205
sar-data/tasks/ship_detection_testdata/a58cead0-f4e7-48b7-b1a4-17668cc60a42/2023-12-06-12-24-10_UMBRA-05/2023-12-06-12-24-10_UMBRA-05_METADATA.json,127.76899201538751,26.352000384999727
sar-data/tasks/ship_detection_testdata/a82cf51c-8ab8-4300-a9f1-ff80db825c19/2023-11-01-04-49-02_UMBRA-04/2023-11-01-04-49-02_UMBRA-04_METADATA.json,73.49999996669756,4.166666393113562
sar-data/tasks/ship_detection_testdata/a6d80a84-df14-4a13-83d8-adb069e27cdb/2023-06-16-14-55-28_UMBRA-06/2023-06-16-14-55-28_UMBRA-06_METADATA.json,120.17872628401918,23.783760555004648
sar-data/tasks/ship_detection_testdata/ad8b93ca-5820-40a9-b792-a7c7312f5fc7/2023-02-28-06-25-39_UMBRA-05/2023-02-28-06-25-39_UMBRA-05_METADATA.json,56.20420446000591,27.14169969874167
sar-data/tasks/ship_detection_testdata/a5badfae-c197-4610-a9d6-e0e2f674dbf1/2023-04-13-17-32-18_UMBRA-04/2023-04-13-17-32-18_UMBRA-04_METADATA.json,50.88595903477512,28.829622982429775
sar-data/tasks/ship_detection_testdata/ad35509e-88ae-4ab0-bb8a-06813b049281/2023-07-13-02-02-14_UMBRA-05/2023-07-13-02-02-14_UMBRA-05_METADATA.json,-71.38829714171483,10.15200276422628
sar-data/tasks/ship_detection_testdata/a2470b69-dcdc-4325-bd1a-59d33e41a617/2023-03-06-12-27-29_UMBRA-05/2023-03-06-12-27-29_UMBRA-05_METADATA.json,132.3369922052789,43.125060958566486
sar-data/tasks/ship_detection_testdata/accf9dca-a1de-4952-96b3-ee8accb252cb/2023-04-14-06-43-45_UMBRA-04/2023-04-14-06-43-45_UMBRA-04_METADATA.json,50.88595841342207,28.82962346364165
sar-data/tasks/ship_detection_testdata/aca77659-399b-49d6-841f-fe6cff23b86f/2023-08-29-21-17-35_UMBRA-06/2023-08-29-21-17-35_UMBRA-06_METADATA.json,12.19000096087277,-5.553701727003479
sar-data/tasks/ship_detection_testdata/ad3cfe28-bcac-4fd6-a43f-170c5125dcf0/2023-10-27-14-06-25_UMBRA-04/2023-10-27-14-06-25_UMBRA-04_METADATA.json,-70.03333384544665,12.516666760585727
sar-data/tasks/ship_detection_testdata/af0082e1-835a-4707-aaa8-b909b565f444/2023-09-10-02-02-36_UMBRA-05/2023-09-10-02-02-36_UMBRA-05_METADATA.json,124.44100171110139,39.74060195250164
sar-data/tasks/ship_detection_testdata/ae0516bd-81ab-4b4f-84e4-5ab900a15fa9/2023-11-14-15-15-00_UMBRA-04/2023-11-14-15-15-00_UMBRA-04_METADATA.json,-79.55410001598251,8.938000056285548
sar-data/tasks/ship_detection_testdata/ac97a290-22d4-4d28-b8f9-229fbb78eceb/2024-02-08-15-14-53_UMBRA-07/2024-02-08-15-14-53_UMBRA-07_METADATA.json,-71.62509916631419,10.510300220887883
sar-data/tasks/ship_detection_testdata/ade94d01-b1a6-49ad-839f-17d44ad4a275/2024-03-29-03-11-02_UMBRA-04/2024-03-29-03-11-02_UMBRA-04_METADATA.json,103.4420848550411,1.2105758564917004
sar-data/tasks/ship_detection_testdata/ad5bcfec-6af2-4b2a-acd4-3e15f24ecc77/2023-08-25-05-42-34_UMBRA-05/2023-08-25-05-42-34_UMBRA-05_METADATA.json,56.24000312831978,27.13969866537778
sar-data/tasks/ship_detection_testdata/aea2cc30-c626-4e61-b585-881a66b579e6/2023-11-07-02-23-38_UMBRA-04/2023-11-07-02-23-38_UMBRA-04_METADATA.json,-79.55410017269708,8.938000617640096
sar-data/tasks/ship_detection_testdata/ae5db9d4-a48a-4268-96ef-c2a354b66028/2023-02-02-11-44-38_UMBRA-05/2023-02-02-11-44-38_UMBRA-05_METADATA.json,131.92199612666602,43.082322722478466
sar-data/tasks/ship_detection_testdata/ae164ab9-081e-44bc-8d7e-fc32421229c2/2023-11-07-16-40-06_UMBRA-05/2023-11-07-16-40-06_UMBRA-05_METADATA.json,56.44998052340849,25.19999234153991
sar-data/tasks/ship_detection_testdata/ae7c00d0-9cb8-493c-9a18-c216110e11cf/2023-07-22-01-18-04_UMBRA-06/2023-07-22-01-18-04_UMBRA-06_METADATA.json,124.9741844857191,38.593551378393066
sar-data/tasks/ship_detection_testdata/ae479fa1-1482-454a-80df-884a4173e48f/2023-10-25-04-22-21_UMBRA-05/2023-10-25-04-22-21_UMBRA-05_METADATA.json,79.83333546888366,6.916667918368202
sar-data/tasks/ship_detection_testdata/b1ae0549-834e-44fd-a37b-0a1fadc8ddac/2023-12-24-07-12-41_UMBRA-04/2023-12-24-07-12-41_UMBRA-04_METADATA.json,43.30830175984648,12.576101841292026
sar-data/tasks/ship_detection_testdata/b1b492b1-6161-47dd-bc28-461f30ca9cd3/2024-02-12-16-09-47_UMBRA-08/2024-02-12-16-09-47_UMBRA-08_METADATA.json,-75.17749720840932,39.89500289271971
sar-data/tasks/ship_detection_testdata/b2756ac6-2305-485d-a930-fd24d7f618f4/2023-02-06-01-58-50_UMBRA-04/2023-02-06-01-58-50_UMBRA-04_METADATA.json,121.75044399548398,31.342370077775637
sar-data/tasks/ship_detection_testdata/b05e369c-dabb-43d8-9bbd-44df2d26cc90/2023-05-15-14-43-17_UMBRA-04/2023-05-15-14-43-17_UMBRA-04_METADATA.json,-76.62100292852507,39.28519750098002
sar-data/tasks/ship_detection_testdata/b1d74903-486c-4d55-8ac7-28b0fe8deea8/2023-02-27-01-52-25_UMBRA-05/2023-02-27-01-52-25_UMBRA-05_METADATA.json,124.9812369151289,38.59171076875296
sar-data/tasks/ship_detection_testdata/b0a023a1-b7bf-4921-ad08-2f71f56b5e31/2023-10-02-23-19-33_UMBRA-06/2023-10-02-23-19-33_UMBRA-06_METADATA.json,-5.3146998093378155,35.887901941554546
sar-data/tasks/ship_detection_testdata/b2140f1a-2738-4084-9e5f-c49f5a7da4f5/2023-09-19-06-37-33_UMBRA-06/2023-09-19-06-37-33_UMBRA-06_METADATA.json,56.20358950726187,27.159673144818097
sar-data/tasks/ship_detection_testdata/af455c69-b312-4f96-8bff-f3e7a6a65a91/2023-08-31-04-16-34_UMBRA-06/2023-08-31-04-16-34_UMBRA-06_METADATA.json,83.30952447255093,17.680498695018745
sar-data/tasks/ship_detection_testdata/b3bc8345-a0cc-4c87-9814-34a5deb6bde8/2023-10-07-02-08-24_UMBRA-05/2023-10-07-02-08-24_UMBRA-05_METADATA.json,121.47861744337294,39.79639135529409
sar-data/tasks/ship_detection_testdata/b0b8cf43-fd51-42ac-b1bd-f85496b28cea/2023-05-26-14-25-24_UMBRA-05/2023-05-26-14-25-24_UMBRA-05_METADATA.json,99.73999732132327,6.248199078115447
sar-data/tasks/ship_detection_testdata/b4afdeef-290b-4657-a75c-5a3e4b26e9d8/2023-10-28-14-40-01_UMBRA-04/2023-10-28-14-40-01_UMBRA-04_METADATA.json,103.84999880536142,1.2833337530196571
sar-data/tasks/ship_detection_testdata/b42d7409-b7cc-4120-9978-6ccb4bb549de/2023-06-25-06-18-13_UMBRA-06/2023-06-25-06-18-13_UMBRA-06_METADATA.json,56.204100162377365,27.135501580477026
sar-data/tasks/ship_detection_testdata/b41d3d71-a4dd-4bc4-9b01-04ec78f90a03/2023-12-01-06-47-46_UMBRA-04/2023-12-01-06-47-46_UMBRA-04_METADATA.json,47.966666607066756,29.3666663291617
sar-data/tasks/ship_detection_testdata/b7001f83-11d8-423c-9f0d-467037a5e7e2/2023-01-29-01-59-16_UMBRA-05/2023-01-29-01-59-16_UMBRA-05_METADATA.json,109.69112210274996,18.204140046883467
sar-data/tasks/ship_detection_testdata/b2d542c1-c88e-4e3d-8737-3ef0410578a8/2024-02-14-03-09-53_UMBRA-08/2024-02-14-03-09-53_UMBRA-08_METADATA.json,119.99371441763792,35.72681323583061
sar-data/tasks/ship_detection_testdata/b1c86193-3fd1-4db1-84e6-00fa46ae5d15/2023-02-01-14-58-07_UMBRA-05/2023-02-01-14-58-07_UMBRA-05_METADATA.json,103.61055080847215,10.509100228985226
sar-data/tasks/ship_detection_testdata/b148673e-5c8b-4b3f-8008-32852af6b72e/2023-07-01-00-34-49_UMBRA-04/2023-07-01-00-34-49_UMBRA-04_METADATA.json,135.37518164907914,35.48102229834408
sar-data/tasks/ship_detection_testdata/b6828ddc-e3f3-40dd-b4a7-1b548ed7d59a/2024-03-29-02-41-23_UMBRA-05/2024-03-29-02-41-23_UMBRA-05_METADATA.json,103.4280636825529,1.1212414033500977
sar-data/tasks/ship_detection_testdata/aa34f250-dc44-4b74-a39c-f67889f14da5/2023-02-26-12-56-13_UMBRA-04/2023-02-26-12-56-13_UMBRA-04_METADATA.json,119.72593622849975,25.215982507470688
sar-data/tasks/ship_detection_testdata/b7b31059-2807-44e5-8e9d-5384a583c7b4/2023-01-27-14-26-54_UMBRA-05/2023-01-27-14-26-54_UMBRA-05_METADATA.json,109.55519813497062,18.216832099640616
sar-data/tasks/ship_detection_testdata/b2964016-8f8d-4a95-9328-0d4fd94e210d/2023-09-08-13-08-47_UMBRA-05/2023-09-08-13-08-47_UMBRA-05_METADATA.json,124.44100193067624,39.74060197188894
sar-data/tasks/ship_detection_testdata/b422de0d-b6fc-4340-aa85-6c87f3805175/2023-08-09-02-23-25_UMBRA-06/2023-08-09-02-23-25_UMBRA-06_METADATA.json,114.66514570066933,8.855687642761003
sar-data/tasks/ship_detection_testdata/b6debfa7-1156-44af-8a42-37fae7cae0ea/2023-06-02-16-05-57_UMBRA-06/2023-06-02-16-05-57_UMBRA-06_METADATA.json,101.30015498818359,2.939603172397512
sar-data/tasks/ship_detection_testdata/afbbc7c7-f9b7-45ec-b065-ca5c69baf3b6/2023-02-12-10-02-36_UMBRA-05/2023-02-12-10-02-36_UMBRA-05_METADATA.json,-5.348714738388932,36.15122372085559
sar-data/tasks/ship_detection_testdata/b578b1d5-df58-4531-b6f7-3c4d83fb3365/2023-06-18-01-56-29_UMBRA-05/2023-06-18-01-56-29_UMBRA-05_METADATA.json,121.6419481523641,29.10111104690227
sar-data/tasks/ship_detection_testdata/b27b71ab-a34e-4737-8d99-a95da9b74544/2023-08-06-01-59-23_UMBRA-04/2023-08-06-01-59-23_UMBRA-04_METADATA.json,125.39228077662295,38.71742000310116
sar-data/tasks/ship_detection_testdata/b562534d-7cd4-417d-a0fe-8695838b317b/2023-12-19-17-39-57_UMBRA-04/2023-12-19-17-39-57_UMBRA-04_METADATA.json,43.31370296049161,12.595101133923597
sar-data/tasks/ship_detection_testdata/b84a3276-ccbf-4108-a319-f82f989d1641/2023-02-06-01-57-23_UMBRA-04/2023-02-06-01-57-23_UMBRA-04_METADATA.json,122.52903666132153,36.97261823733964
sar-data/tasks/ship_detection_testdata/b91520f5-1073-4894-98bc-b4d5a74a72b2/2023-06-05-14-54-59_UMBRA-06/2023-06-05-14-54-59_UMBRA-06_METADATA.json,-77.04663848983944,38.88431126865199
sar-data/tasks/ship_detection_testdata/b088d449-dbfd-4e52-8f17-6317e9105e2e/2023-10-13-02-16-57_UMBRA-05/2023-10-13-02-16-57_UMBRA-05_METADATA.json,121.47861762367343,39.79639162508865
sar-data/tasks/ship_detection_testdata/b8926dea-3843-4fb7-aced-98f89c99ceda/2023-07-25-06-18-19_UMBRA-05/2023-07-25-06-18-19_UMBRA-05_METADATA.json,56.20410014836528,27.139700893523134
sar-data/tasks/ship_detection_testdata/baa3699c-ad00-4bdf-ad1d-ef695a013a27/2023-12-02-14-42-31_UMBRA-05/2023-12-02-14-42-31_UMBRA-05_METADATA.json,96.15000068250518,16.79999890048592
sar-data/tasks/ship_detection_testdata/bb28fe6c-4a98-4fd4-9e9e-065a6bae5151/2024-03-29-03-57-09_UMBRA-08/2024-03-29-03-57-09_UMBRA-08_METADATA.json,101.65013166137061,2.257401902029902
sar-data/tasks/ship_detection_testdata/b830d41b-bd66-4cf3-b357-02dd2008e90c/2023-12-19-19-12-53_UMBRA-04/2023-12-19-19-12-53_UMBRA-04_METADATA.json,43.34790196574855,12.626200320429088
sar-data/tasks/ship_detection_testdata/b916e1f4-7022-4f3a-a2fa-6791bddc5cc8/2023-07-13-15-18-33_UMBRA-05/2023-07-13-15-18-33_UMBRA-05_METADATA.json,-76.13944111383611,36.95779162302834
sar-data/tasks/ship_detection_testdata/b86d5d62-dc4d-4bad-bc61-72a17a3a6c72/2023-07-02-21-21-14_UMBRA-06/2023-07-02-21-21-14_UMBRA-06_METADATA.json,14.550000858158482,35.81667081503258
sar-data/tasks/ship_detection_testdata/aee635ef-a4c0-48e1-8756-74b230da4033/2023-10-10-13-20-18_UMBRA-04/2023-10-10-13-20-18_UMBRA-04_METADATA.json,121.38549051580183,36.71032338954699
sar-data/tasks/ship_detection_testdata/b0e43b88-b1eb-48c7-9a54-cef48d949d92/2023-10-25-04-24-19_UMBRA-05/2023-10-25-04-24-19_UMBRA-05_METADATA.json,73.49999984421744,4.16666649169356
sar-data/tasks/ship_detection_testdata/b9a1f9e3-9536-4558-9c08-12c7b4f7ce17/2023-08-16-01-22-09_UMBRA-05/2023-08-16-01-22-09_UMBRA-05_METADATA.json,121.75140319905942,31.34089950348547
sar-data/tasks/ship_detection_testdata/b999523f-7bc9-475f-aa78-e369b5562e87/2023-12-05-01-45-53_UMBRA-04/2023-12-05-01-45-53_UMBRA-04_METADATA.json,-68.00750045455426,10.489899613314845
sar-data/tasks/ship_detection_testdata/bc7e89a0-f4d5-4477-a6ec-334a9f081815/2023-10-02-13-44-17_UMBRA-04/2023-10-02-13-44-17_UMBRA-04_METADATA.json,120.51675559747417,27.200970447417067
sar-data/tasks/ship_detection_testdata/beee5d54-8a4a-470c-bf2d-47214a532de6/2023-06-04-15-32-02_UMBRA-06/2023-06-04-15-32-02_UMBRA-06_METADATA.json,117.75068767591388,38.98327289222571
sar-data/tasks/ship_detection_testdata/b99e516e-658a-47c4-afb1-9a28d7137712/2023-06-28-13-25-44_UMBRA-05/2023-06-28-13-25-44_UMBRA-05_METADATA.json,121.7432761844487,31.348441824902224
sar-data/tasks/ship_detection_testdata/ba0fb490-e445-4726-ba1c-f33e0ac36512/2023-09-04-01-55-02_UMBRA-05/2023-09-04-01-55-02_UMBRA-05_METADATA.json,109.68457835374959,18.222377140111725
sar-data/tasks/ship_detection_testdata/ba0ed3e5-8df2-4751-a9bd-fcdbc4b52fbd/2023-01-30-20-27-11_UMBRA-04/2023-01-30-20-27-11_UMBRA-04_METADATA.json,-4.183440393450624,50.38146239826084
sar-data/tasks/ship_detection_testdata/becc3c97-e0df-46b7-b93c-0da61dc94d50/2024-01-03-00-26-28_UMBRA-04/2024-01-03-00-26-28_UMBRA-04_METADATA.json,131.87510922289664,43.09200091558811
sar-data/tasks/ship_detection_testdata/bd6e392c-6cdf-4fde-8e48-ad770c259cf4/2023-12-19-06-45-04_UMBRA-06/2023-12-19-06-45-04_UMBRA-06_METADATA.json,53.981006635292886,26.527006413186257
sar-data/tasks/ship_detection_testdata/bb30406b-62a4-47a5-8f70-b036ba7bdb4e/2023-04-06-14-28-55_UMBRA-04/2023-04-06-14-28-55_UMBRA-04_METADATA.json,100.89605827930473,13.067200091430339
sar-data/tasks/ship_detection_testdata/b2be55dd-3e40-401b-ab61-d63ad7cb73d1/2023-07-30-14-39-50_UMBRA-05/2023-07-30-14-39-50_UMBRA-05_METADATA.json,-77.06443007889744,38.87829250459106
sar-data/tasks/ship_detection_testdata/bb28c503-747a-4185-9a6e-23b29596236b/2024-03-09-01-49-03_UMBRA-05/2024-03-09-01-49-03_UMBRA-05_METADATA.json,119.48741147675527,24.99290610433967
sar-data/tasks/ship_detection_testdata/c0c5836a-26a3-402c-ad18-c365c3af81fb/2023-10-28-09-55-29_UMBRA-05/2023-10-28-09-55-29_UMBRA-05_METADATA.json,-5.350000123699738,36.13333387437789
sar-data/tasks/ship_detection_testdata/c1a60f87-4045-4b82-b4c4-fa23c86070ec/2023-08-08-08-11-48_UMBRA-05/2023-08-08-08-11-48_UMBRA-05_METADATA.json,18.42889943078295,-33.93510261965856
sar-data/tasks/ship_detection_testdata/c12ac514-e6bb-4d9e-ab2b-c8a81c1c7937/2023-12-24-18-53-20_UMBRA-05/2023-12-24-18-53-20_UMBRA-05_METADATA.json,43.308302355377535,12.576101344616731
sar-data/tasks/ship_detection_testdata/c1237c1c-23c7-4ebb-96e2-73a704c2451a/2023-11-07-02-22-02_UMBRA-04/2023-11-07-02-22-02_UMBRA-04_METADATA.json,-79.55829631498078,8.960001038590176
sar-data/tasks/ship_detection_testdata/c1b7490a-96f4-481b-ad43-5f8bbcf0b65b/2023-07-30-17-19-39_UMBRA-05/2023-07-30-17-19-39_UMBRA-05_METADATA.json,56.210189957487174,27.144886887367505
sar-data/tasks/ship_detection_testdata/bf20cd7d-2e43-43c9-a8ad-29eec672ffae/2023-10-07-14-18-09_UMBRA-05/2023-10-07-14-18-09_UMBRA-05_METADATA.json,112.26055190177443,21.705869539467365
sar-data/tasks/ship_detection_testdata/bda44090-e13d-4aed-8817-eb8d33ac8313/2023-12-15-01-37-30_UMBRA-04/2023-12-15-01-37-30_UMBRA-04_METADATA.json,-68.00750044944266,10.489899419309284
sar-data/tasks/ship_detection_testdata/bf607b9c-a000-4c21-b8bc-9e6f0fce0bd0/2023-02-10-05-56-07_UMBRA-04/2023-02-10-05-56-07_UMBRA-04_METADATA.json,53.65638031474519,24.84271995158146
sar-data/tasks/ship_detection_testdata/c0851beb-cee1-4fb2-ae46-4eb281dade68/2023-06-18-10-51-48_UMBRA-06/2023-06-18-10-51-48_UMBRA-06_METADATA.json,-9.166370536830184,38.69100203905458
sar-data/tasks/ship_detection_testdata/c073f435-42ee-4843-bd0b-5bb8ee29f71f/2023-02-22-12-17-49_UMBRA-04/2023-02-22-12-17-49_UMBRA-04_METADATA.json,129.39204463601433,35.525114170069386
sar-data/tasks/ship_detection_testdata/bc03cc8b-5d03-480c-a341-ad5c2fc6eeb2/2023-07-10-01-44-31_UMBRA-04/2023-07-10-01-44-31_UMBRA-04_METADATA.json,119.98195723347884,35.72629671824098
sar-data/tasks/ship_detection_testdata/bf4a0925-c33a-42ce-a89e-022a70e03957/2023-02-26-14-15-22_UMBRA-05/2023-02-26-14-15-22_UMBRA-05_METADATA.json,110.43861586980942,21.228334226790277
sar-data/tasks/ship_detection_testdata/bcd69a73-ff19-4d7b-86b3-f8df7b7b2b5a/2023-08-26-02-17-44_UMBRA-05/2023-08-26-02-17-44_UMBRA-05_METADATA.json,119.9843755083387,35.722519884525816
sar-data/tasks/ship_detection_testdata/c0c5a1b5-b2ae-4d4d-a008-5af7abd8157e/2023-07-19-19-55-16_UMBRA-04/2023-07-19-19-55-16_UMBRA-04_METADATA.json,8.550052240897406,53.566523083506645
sar-data/tasks/ship_detection_testdata/c3882d4e-1e8b-4d15-8d83-29e1adf4dc68/2023-11-19-02-38-52_UMBRA-04/2023-11-19-02-38-52_UMBRA-04_METADATA.json,110.95137873865048,19.614501941430333
sar-data/tasks/ship_detection_testdata/c123ba76-f380-44b0-a8e7-32fecf63c123/2023-02-10-14-38-50_UMBRA-05/2023-02-10-14-38-50_UMBRA-05_METADATA.json,103.61055062269796,10.509099838710872
sar-data/tasks/ship_detection_testdata/c23e9c30-e581-4735-9ee7-8c9148ed0fd7/2023-11-30-01-53-21_UMBRA-04/2023-11-30-01-53-21_UMBRA-04_METADATA.json,-77.03919921533497,38.897101554695574
sar-data/tasks/ship_detection_testdata/c2e70885-5e71-4a52-8f9c-df38d2ba3099/2023-07-10-13-50-40_UMBRA-05/2023-07-10-13-50-40_UMBRA-05_METADATA.json,109.6822971355515,18.21960222876202
sar-data/tasks/ship_detection_testdata/c3298cde-6495-41e2-bc5b-f952c48ee6b5/2023-07-02-08-34-05_UMBRA-04/2023-07-02-08-34-05_UMBRA-04_METADATA.json,18.446955507483498,-33.915814535334725
sar-data/tasks/ship_detection_testdata/c31b7bdc-f17a-45ad-bd7b-e9a7b78db7bf/2023-11-02-13-41-01_UMBRA-05/2023-11-02-13-41-01_UMBRA-05_METADATA.json,-68.2758029408442,10.92659979544554
sar-data/tasks/ship_detection_testdata/bbfc87f2-2516-41d1-818a-393b341e78c1/2023-09-08-13-09-41_UMBRA-04/2023-09-08-13-09-41_UMBRA-04_METADATA.json,124.4410016073781,39.74060196207157
sar-data/tasks/ship_detection_testdata/c2a6db34-fe63-4bce-b1fc-9c7be354aae9/2023-04-15-13-49-15_UMBRA-04/2023-04-15-13-49-15_UMBRA-04_METADATA.json,109.54632563778866,18.22480536752144
sar-data/tasks/ship_detection_testdata/c4761e01-f895-4553-a0e3-a8e9e9885221/2023-07-28-13-04-11_UMBRA-05/2023-07-28-13-04-11_UMBRA-05_METADATA.json,125.3922806623444,38.71741990463902
sar-data/tasks/ship_detection_testdata/c38c659a-4e5f-4a0a-9dc9-9cb37b2b0d7e/2023-04-14-18-19-00_UMBRA-05/2023-04-14-18-19-00_UMBRA-05_METADATA.json,43.06199920864024,11.593000497731744
sar-data/tasks/ship_detection_testdata/c4669dc3-2a4f-419d-8dcd-410193f8279c/2023-09-02-17-37-27_UMBRA-05/2023-09-02-17-37-27_UMBRA-05_METADATA.json,56.2400030799366,27.139699953363657
sar-data/tasks/ship_detection_testdata/c488cfe8-bd8e-4e48-8f28-b2d2ac77e062/2023-02-01-18-12-16_UMBRA-05/2023-02-01-18-12-16_UMBRA-05_METADATA.json,53.65638059741088,24.842720215216737
sar-data/tasks/ship_detection_testdata/c278583d-6e11-4b4c-94b1-713c84a0b656/2023-08-24-13-20-45_UMBRA-05/2023-08-24-13-20-45_UMBRA-05_METADATA.json,119.4580992939991,34.7533992660308
sar-data/tasks/ship_detection_testdata/c2c19d64-0309-425f-b63f-56d6f73b5bbd/2023-12-09-05-48-44_UMBRA-04/2023-12-09-05-48-44_UMBRA-04_METADATA.json,53.980994793181296,26.527001919290328
sar-data/tasks/ship_detection_testdata/c48857db-2d03-4007-a460-600e6566149d/2023-07-22-02-15-56_UMBRA-04/2023-07-22-02-15-56_UMBRA-04_METADATA.json,113.92770326588784,22.313125641619873
sar-data/tasks/ship_detection_testdata/c3344bcf-2f36-48fc-8ebc-f1c383295fb7/2024-03-29-03-10-07_UMBRA-04/2024-03-29-03-10-07_UMBRA-04_METADATA.json,100.29247870676595,4.441568616456299
sar-data/tasks/ship_detection_testdata/c50fc753-a60d-4c7f-908f-c5f42a9ee9fe/2024-03-21-09-31-00_UMBRA-07/2024-03-21-09-31-00_UMBRA-07_METADATA.json,20.455999358854005,54.70110327040261
sar-data/tasks/ship_detection_testdata/c59dab96-3b16-456b-80fe-866f30a3cabe/2023-04-12-13-00-32_UMBRA-04/2023-04-12-13-00-32_UMBRA-04_METADATA.json,120.2718111987632,22.692846399765166
sar-data/tasks/ship_detection_testdata/c49c6a4c-8900-4b99-acc5-d833fe3d5606/2023-12-24-23-46-43_UMBRA-06/2023-12-24-23-46-43_UMBRA-06_METADATA.json,4.058299714079939,51.95229650892315
sar-data/tasks/ship_detection_testdata/c4f8be85-37a9-43e1-80ba-fc978fd3a019/2023-01-24-06-16-56_UMBRA-04/2023-01-24-06-16-56_UMBRA-04_METADATA.json,45.00541898017131,12.790649743478873
sar-data/tasks/ship_detection_testdata/c1945f94-4f01-426f-b69c-29206c73be02/2023-02-18-16-04-28_UMBRA-05/2023-02-18-16-04-28_UMBRA-05_METADATA.json,83.27385734477426,17.699588968651014
sar-data/tasks/ship_detection_testdata/c4137cda-bd3d-4e37-b0f2-887367d1c9cb/2023-02-19-14-24-03_UMBRA-04/2023-02-19-14-24-03_UMBRA-04_METADATA.json,103.83998017149095,1.2639632086131545
sar-data/tasks/ship_detection_testdata/c5ac6975-bec8-4b98-b494-73158e8b5eef/2024-02-19-17-42-15_UMBRA-05/2024-02-19-17-42-15_UMBRA-05_METADATA.json,56.20769876166948,27.143801773246985
sar-data/tasks/ship_detection_testdata/c5ff634e-1807-4e61-a7e9-b62e7dbffdb8/2023-12-06-06-36-50_UMBRA-05/2023-12-06-06-36-50_UMBRA-05_METADATA.json,50.843000328011655,28.942000539220242
sar-data/tasks/ship_detection_testdata/c54569b9-45a7-496d-9d87-a1afb024c558/2023-03-08-13-44-31_UMBRA-04/2023-03-08-13-44-31_UMBRA-04_METADATA.json,110.4339829284965,21.222481242778997
sar-data/tasks/ship_detection_testdata/c8ec70b8-0665-4eef-abb2-eb709663641e/2023-10-11-01-16-56_UMBRA-05/2023-10-11-01-16-56_UMBRA-05_METADATA.json,120.51675575081417,27.20097021553492
sar-data/tasks/ship_detection_testdata/c7a56209-d12d-4a5a-b300-d997296e2bb4/2023-06-03-15-53-53_UMBRA-06/2023-06-03-15-53-53_UMBRA-06_METADATA.json,103.62780856562085,1.272055208070693
sar-data/tasks/ship_detection_testdata/c6d7140c-88ee-46dc-bc6d-61d903abe6cd/2023-01-26-13-16-33_UMBRA-04/2023-01-26-13-16-33_UMBRA-04_METADATA.json,121.01428512837226,40.71254738654128
sar-data/tasks/ship_detection_testdata/c532285e-3d4e-430d-9a64-5eba3b9f6c2f/2023-12-01-05-59-05_UMBRA-05/2023-12-01-05-59-05_UMBRA-05_METADATA.json,58.583331542008885,23.61666773213239
sar-data/tasks/ship_detection_testdata/c8a92a3f-e1e3-43d0-9f91-6ede0be60758/2023-01-31-10-54-57_UMBRA-05/2023-01-31-10-54-57_UMBRA-05_METADATA.json,-3.3882675161808504,56.000221478126036
sar-data/tasks/ship_detection_testdata/c1fdae94-775b-4e63-addc-4405fdfb26c4/2023-03-29-13-00-28_UMBRA-05/2023-03-29-13-00-28_UMBRA-05_METADATA.json,126.48391102670932,33.228193631253106
sar-data/tasks/ship_detection_testdata/c87b8950-2067-4af8-b67c-da2b7d8033f0/2023-12-18-06-06-28_UMBRA-05/2023-12-18-06-06-28_UMBRA-05_METADATA.json,50.84299927417561,28.9420003700774
sar-data/tasks/ship_detection_testdata/c544fd75-2efc-4625-ae0a-d32165ce5c89/2023-01-27-00-50-32_UMBRA-04/2023-01-27-00-50-32_UMBRA-04_METADATA.json,129.39444175005642,35.52452610291878
sar-data/tasks/ship_detection_testdata/c50e77b6-0416-4988-b422-f2becb40de86/2023-09-17-03-46-31_UMBRA-06/2023-09-17-03-46-31_UMBRA-06_METADATA.json,103.696038923117,1.2782042806211855
sar-data/tasks/ship_detection_testdata/c922f6e2-b602-4dd6-8a66-bd3e412384b9/2023-01-23-01-32-14_UMBRA-05/2023-01-23-01-32-14_UMBRA-05_METADATA.json,121.01116812629002,40.71373029347104
sar-data/tasks/ship_detection_testdata/ca995887-67f8-4e9f-949a-07e605fa682b/2023-12-01-20-35-02_UMBRA-04/2023-12-01-20-35-02_UMBRA-04_METADATA.json,12.583344080706027,55.666667747891836
sar-data/tasks/ship_detection_testdata/c50723a4-ca2b-448a-9c88-0cbc91ccd964/2023-11-01-14-17-17_UMBRA-04/2023-11-01-14-17-17_UMBRA-04_METADATA.json,-64.62770086333182,10.23890035432126
sar-data/tasks/ship_detection_testdata/c6542bbc-20f0-459e-b313-3fc3f3b8e3a8/2023-09-30-14-23-02_UMBRA-05/2023-09-30-14-23-02_UMBRA-05_METADATA.json,112.26055121601385,21.705869136906845
sar-data/tasks/ship_detection_testdata/cadc5ca7-a72e-40b5-845d-d6c1278cf3ba/2024-01-25-07-38-50_UMBRA-06/2024-01-25-07-38-50_UMBRA-06_METADATA.json,19.891584574008714,54.638820646856125
sar-data/tasks/ship_detection_testdata/c72ce6d3-01bf-453f-a556-dca097f8b093/2023-03-19-20-22-40_UMBRA-05/2023-03-19-20-22-40_UMBRA-05_METADATA.json,4.146207395239295,51.952403918683025
sar-data/tasks/ship_detection_testdata/c7be6abd-79f7-440e-8cb8-2ae7779facbf/2023-07-03-09-34-47_UMBRA-04/2023-07-03-09-34-47_UMBRA-04_METADATA.json,4.8104510500204025,52.40797303649052
sar-data/tasks/ship_detection_testdata/cb14512a-a4d7-4806-85c9-37c40780778a/2023-06-22-14-51-58_UMBRA-06/2023-06-22-14-51-58_UMBRA-06_METADATA.json,-75.14718702926014,39.950230455006576
sar-data/tasks/ship_detection_testdata/cb44a36a-3cf4-48bf-873d-eca8b9bdf3c4/2023-08-26-02-21-44_UMBRA-05/2023-08-26-02-21-44_UMBRA-05_METADATA.json,112.34056045545094,16.834766736029323
sar-data/tasks/ship_detection_testdata/ca8e6b8e-29ae-42a0-8ad9-f62fa1d0db17/2024-03-29-03-56-39_UMBRA-08/2024-03-29-03-56-39_UMBRA-08_METADATA.json,101.66846286871612,2.3459224480540897
sar-data/tasks/ship_detection_testdata/cb6a41d7-9285-4f41-bc0e-435695b1fbac/2023-08-31-11-48-29_UMBRA-05/2023-08-31-11-48-29_UMBRA-05_METADATA.json,131.87399482299014,43.09500156932087
sar-data/tasks/ship_detection_testdata/cd02909f-ed1b-4a99-8be2-60150eee940b/2023-03-06-14-12-53_UMBRA-04/2023-03-06-14-12-53_UMBRA-04_METADATA.json,110.43398286138068,21.222481275682114
sar-data/tasks/ship_detection_testdata/cafb36c3-d9f1-4077-b141-8d9567e0a6d3/2023-02-01-13-29-52_UMBRA-05/2023-02-01-13-29-52_UMBRA-05_METADATA.json,120.5758003465082,36.11077317362885
sar-data/tasks/ship_detection_testdata/cc43aa7c-13a1-4c7c-a837-ea11f11328a6/2024-03-29-03-56-26_UMBRA-07/2024-03-29-03-56-26_UMBRA-07_METADATA.json,102.60697855932453,1.7390630685077673
sar-data/tasks/ship_detection_testdata/cd84a373-3d41-434b-a87a-77941b051e97/2023-10-23-10-20-58_UMBRA-04/2023-10-23-10-20-58_UMBRA-04_METADATA.json,-5.350000617062879,36.133336055181715
sar-data/tasks/ship_detection_testdata/cc171b78-027a-493f-887e-f84e998fc9e5/2023-10-01-13-57-19_UMBRA-04/2023-10-01-13-57-19_UMBRA-04_METADATA.json,115.81805422152695,22.744443582852213
sar-data/tasks/ship_detection_testdata/cd804a07-52b8-41fa-95e2-0cf595e95069/2023-02-01-14-55-44_UMBRA-05/2023-02-01-14-55-44_UMBRA-05_METADATA.json,103.87492504433487,1.3036701608261505
sar-data/tasks/ship_detection_testdata/cbdd63fa-ea57-45ee-8b9f-d971b14cd9b7/2023-08-26-12-54-58_UMBRA-05/2023-08-26-12-54-58_UMBRA-05_METADATA.json,119.98437470391865,35.72251964849361
sar-data/tasks/ship_detection_testdata/cdb5bae5-c912-4dac-bdc3-cc9c81cb5259/2023-03-03-01-20-42_UMBRA-04/2023-03-03-01-20-42_UMBRA-04_METADATA.json,119.3790969396235,4.655200087379019
sar-data/tasks/ship_detection_testdata/c4827251-55c8-44a5-b69b-be8cf8dd70d2/2023-06-18-01-55-08_UMBRA-04/2023-06-18-01-55-08_UMBRA-04_METADATA.json,122.52889181034588,36.97222372475269
sar-data/tasks/ship_detection_testdata/cb88ae31-7f00-420d-a62e-a395d671205a/2023-01-24-13-34-38_UMBRA-05/2023-01-24-13-34-38_UMBRA-05_METADATA.json,121.89549431686422,38.98421904330143
sar-data/tasks/ship_detection_testdata/cd986f2a-e766-4562-a506-28bc6faa30ef/2023-12-05-18-51-43_UMBRA-05/2023-12-05-18-51-43_UMBRA-05_METADATA.json,43.067937046945765,11.595906353400148
sar-data/tasks/ship_detection_testdata/cd4b4322-7cfc-45c9-82ed-a03b689c6c4d/2023-10-04-13-13-31_UMBRA-04/2023-10-04-13-13-31_UMBRA-04_METADATA.json,115.81805438024895,22.744443135528535
sar-data/tasks/ship_detection_testdata/cda64fb0-b475-4915-a75f-d8aef00af1de/2023-06-30-00-47-31_UMBRA-04/2023-06-30-00-47-31_UMBRA-04_METADATA.json,132.4162282685746,42.93634235729101
sar-data/tasks/ship_detection_testdata/d00191be-1e7a-42fc-b779-132b551f6388/2023-12-23-13-14-12_UMBRA-04/2023-12-23-13-14-12_UMBRA-04_METADATA.json,122.17289809860257,29.961799669992597
sar-data/tasks/ship_detection_testdata/cdebdddc-becb-489e-b996-dcfc5f2ca069/2023-03-28-02-49-18_UMBRA-05/2023-03-28-02-49-18_UMBRA-05_METADATA.json,103.54276342536433,1.3526002773727765
sar-data/tasks/ship_detection_testdata/d0462921-631f-45a8-9596-7e05d85f30ca/2023-06-29-05-48-56_UMBRA-05/2023-06-29-05-48-56_UMBRA-05_METADATA.json,56.210189672186125,27.14488641515187
sar-data/tasks/ship_detection_testdata/ccca77fc-c0d1-45de-a8a0-cd37d9878fad/2023-03-28-02-48-51_UMBRA-05/2023-03-28-02-48-51_UMBRA-05_METADATA.json,103.86309932440588,1.1928993737301838
sar-data/tasks/ship_detection_testdata/cec28add-043e-4b9e-bc12-4baa2e1375a0/2023-10-21-14-09-34_UMBRA-04/2023-10-21-14-09-34_UMBRA-04_METADATA.json,-68.9166635694508,12.100002135598833
sar-data/tasks/ship_detection_testdata/cd17875d-24a9-474d-bd4c-2dfa39b2e2f5/2023-03-28-02-35-56_UMBRA-04/2023-03-28-02-35-56_UMBRA-04_METADATA.json,-77.01032986687702,38.879783285593874
sar-data/tasks/ship_detection_testdata/cf5e589d-6510-4402-9bde-2359c9044256/2024-03-05-11-31-51_UMBRA-07/2024-03-05-11-31-51_UMBRA-07_METADATA.json,-5.5830000667022315,35.95800138383113
sar-data/tasks/ship_detection_testdata/cd04ab4c-7808-4198-9e96-4dd752d74371/2023-07-09-18-52-54_UMBRA-04/2023-07-09-18-52-54_UMBRA-04_METADATA.json,33.14749857920847,28.608601115459123
sar-data/tasks/ship_detection_testdata/cf35e331-ae67-4544-8244-27f8144801f4/2023-09-16-16-35-36_UMBRA-04/2023-09-16-16-35-36_UMBRA-04_METADATA.json,-106.42150162300204,23.19199879347089
sar-data/tasks/ship_detection_testdata/ce12c958-4b2e-419a-8dea-2d09d212827e/2023-07-02-17-15-21_UMBRA-05/2023-07-02-17-15-21_UMBRA-05_METADATA.json,54.453278729402136,24.42797520923969
sar-data/tasks/ship_detection_testdata/c5e1648a-95da-4c0a-91e8-d6bc9265622b/2024-01-29-21-22-01_UMBRA-06/2024-01-29-21-22-01_UMBRA-06_METADATA.json,19.891584225342612,54.638819688118055
sar-data/tasks/ship_detection_testdata/d1033634-125c-4897-8365-5e691daa36ad/2023-02-16-15-28-58_UMBRA-05/2023-02-16-15-28-58_UMBRA-05_METADATA.json,-77.03093846805706,38.88953072861491
sar-data/tasks/ship_detection_testdata/cff21e6c-89d0-4eab-83b9-17a28d4442b3/2023-01-27-14-27-41_UMBRA-05/2023-01-27-14-27-41_UMBRA-05_METADATA.json,109.56084371348454,18.18473207245189
sar-data/tasks/ship_detection_testdata/d0aab9d4-c06d-46e7-8885-6cb62472a66f/2023-09-17-15-40-16_UMBRA-06/2023-09-17-15-40-16_UMBRA-06_METADATA.json,103.69603828629529,1.2782046015701445
sar-data/tasks/ship_detection_testdata/ccd1026c-96c5-481b-a89f-54bcc096ad9b/2023-01-18-07-24-10_UMBRA-04/2023-01-18-07-24-10_UMBRA-04_METADATA.json,32.31147720606859,31.42280597917987
sar-data/tasks/ship_detection_testdata/d1b57a59-82a1-4674-a99a-a6c79138f9c3/2023-07-02-15-00-52_UMBRA-06/2023-07-02-15-00-52_UMBRA-06_METADATA.json,121.49457709111918,31.221157563067813
sar-data/tasks/ship_detection_testdata/d0b9e856-a09b-4e82-b483-22a05490d0a9/2023-12-04-02-03-41_UMBRA-04/2023-12-04-02-03-41_UMBRA-04_METADATA.json,-66.93440363385032,10.601599916511537
sar-data/tasks/ship_detection_testdata/d14be701-8d4b-48fd-ba3d-a300b3eb7412/2023-10-25-04-22-54_UMBRA-05/2023-10-25-04-22-54_UMBRA-05_METADATA.json,79.83333494727758,6.916666552856596
sar-data/tasks/ship_detection_testdata/d078798f-3dab-4dc5-9c45-5b847f50096c/2024-02-15-01-36-26_UMBRA-04/2024-02-15-01-36-26_UMBRA-04_METADATA.json,117.46430281962706,23.66560074017171
sar-data/tasks/ship_detection_testdata/cf4054d5-cb44-45ea-a899-978d23da66d9/2023-03-07-01-32-20_UMBRA-05/2023-03-07-01-32-20_UMBRA-05_METADATA.json,132.33700555368176,43.12500083166625
sar-data/tasks/ship_detection_testdata/d1149827-8c69-4922-8be6-1a447f7edfbe/2023-02-26-12-58-01_UMBRA-04/2023-02-26-12-58-01_UMBRA-04_METADATA.json,128.70192009225062,34.869058186701224
sar-data/tasks/ship_detection_testdata/d3bda8cf-1302-4738-ba88-1cd17f0458a8/2024-02-13-02-21-18_UMBRA-04/2024-02-13-02-21-18_UMBRA-04_METADATA.json,119.99371358160721,35.72681340434143
sar-data/tasks/ship_detection_testdata/ce9c46a2-03ee-40af-b3cb-ea0e894176c0/2023-11-30-12-54-36_UMBRA-04/2023-11-30-12-54-36_UMBRA-04_METADATA.json,129.05929570635791,35.11220203553534
sar-data/tasks/ship_detection_testdata/d3924904-30f8-4ae9-91e6-3703bd5ca520/2023-12-08-03-05-38_UMBRA-05/2023-12-08-03-05-38_UMBRA-05_METADATA.json,109.55100213099081,18.189602480957365
sar-data/tasks/ship_detection_testdata/cd732a98-82ed-4d26-b84f-d07818fad9a7/2023-12-23-23-57-30_UMBRA-06/2023-12-23-23-57-30_UMBRA-06_METADATA.json,4.05828683343852,51.95229016375922
sar-data/tasks/ship_detection_testdata/cfc520c0-f345-47ad-8693-6f48857113d8/2023-01-29-01-59-33_UMBRA-05/2023-01-29-01-59-33_UMBRA-05_METADATA.json,109.56084359367553,18.18473237253611
sar-data/tasks/ship_detection_testdata/d1866b1f-f846-4c44-8148-5acdaf67606a/2023-03-29-01-14-25_UMBRA-04/2023-03-29-01-14-25_UMBRA-04_METADATA.json,126.4839113444091,33.228193382301406
sar-data/tasks/ship_detection_testdata/d2d720ee-7935-4115-821b-445d4d735eb4/2023-04-14-18-47-08_UMBRA-04/2023-04-14-18-47-08_UMBRA-04_METADATA.json,43.06199922520571,11.593001054728918
sar-data/tasks/ship_detection_testdata/d52c9255-b687-4a63-aacc-1fb9b05ccc5e/2023-11-07-16-39-19_UMBRA-04/2023-11-07-16-39-19_UMBRA-04_METADATA.json,56.44999100881412,25.099995503999626
sar-data/tasks/ship_detection_testdata/d50d4aaf-1fa0-49c3-9abb-3d30d971b61e/2023-06-16-02-28-11_UMBRA-05/2023-06-16-02-28-11_UMBRA-05_METADATA.json,111.67277605545374,16.57475372614223
sar-data/tasks/ship_detection_testdata/d4a361e4-8b40-4ca6-bd3e-fa0e5328beca/2023-01-26-11-36-49_UMBRA-05/2023-01-26-11-36-49_UMBRA-05_METADATA.json,131.9219955189228,43.082322673073584
sar-data/tasks/ship_detection_testdata/d3fe0415-044b-4fef-bd2b-4008825fdaec/2023-02-26-12-56-27_UMBRA-04/2023-02-26-12-56-27_UMBRA-04_METADATA.json,119.74050180888499,25.24397113869575
sar-data/tasks/ship_detection_testdata/d2daecdf-53ca-4400-834e-a24489e91841/2023-02-21-12-18-30_UMBRA-05/2023-02-21-12-18-30_UMBRA-05_METADATA.json,129.39091391265922,35.51189152362681
sar-data/tasks/ship_detection_testdata/d3abee82-7adf-4e38-9def-b2d6e0435b7c/2023-03-07-01-33-43_UMBRA-05/2023-03-07-01-33-43_UMBRA-05_METADATA.json,120.99249093567568,40.70690071536963
sar-data/tasks/ship_detection_testdata/d3a7edda-0098-4aad-8157-87e1f2ef130d/2023-12-18-18-37-14_UMBRA-06/2023-12-18-18-37-14_UMBRA-06_METADATA.json,56.06100038363632,27.102001435417424
sar-data/tasks/ship_detection_testdata/d78fe510-4e0c-4093-a310-c8b1cc56fd6d/2023-05-02-04-57-54_UMBRA-05/2023-05-02-04-57-54_UMBRA-05_METADATA.json,73.46810872306155,4.120772170263598
sar-data/tasks/ship_detection_testdata/d48d09be-cc9c-4a64-94ce-22b5f6a198c6/2024-04-01-04-25-26_UMBRA-06/2024-04-01-04-25-26_UMBRA-06_METADATA.json,-95.19609777257016,16.172501327190222
sar-data/tasks/ship_detection_testdata/d4b0d21c-9a45-45c0-813a-aaeb97c8df71/2023-03-28-10-31-23_UMBRA-05/2023-03-28-10-31-23_UMBRA-05_METADATA.json,-2.0160005011677646,50.683999769920234
sar-data/tasks/ship_detection_testdata/d605a8ac-4d8a-4b9a-9521-6f861c09af88/2023-02-04-15-02-49_UMBRA-05/2023-02-04-15-02-49_UMBRA-05_METADATA.json,-79.58138208624901,8.973667896988298
sar-data/tasks/ship_detection_testdata/d629e8e3-e2cd-408a-88bc-cef5555319ab/2024-03-09-17-10-34_UMBRA-05/2024-03-09-17-10-34_UMBRA-05_METADATA.json,54.42079904050222,24.52890056098997
sar-data/tasks/ship_detection_testdata/d42c15f8-dc09-44a6-9bf3-50efa846b617/2023-12-16-01-54-37_UMBRA-04/2023-12-16-01-54-37_UMBRA-04_METADATA.json,122.17289598504236,29.96180026426099
sar-data/tasks/ship_detection_testdata/d72606a0-cfdd-4dfb-8047-e94ab2c8b1ec/2023-03-29-14-27-15_UMBRA-05/2023-03-29-14-27-15_UMBRA-05_METADATA.json,103.84507077872279,1.2755600645614718
sar-data/tasks/ship_detection_testdata/d523bb80-d2cd-48de-9146-38f193c341e1/2023-02-01-06-12-47_UMBRA-04/2023-02-01-06-12-47_UMBRA-04_METADATA.json,50.61193034257482,25.83420964637407
sar-data/tasks/ship_detection_testdata/d4bf7f79-2f3a-4968-911f-c1bd5fe39801/2023-09-04-01-52-47_UMBRA-04/2023-09-04-01-52-47_UMBRA-04_METADATA.json,121.96629266598879,29.898062461915696
sar-data/tasks/ship_detection_testdata/d5006d19-b37b-40ed-9f9d-42e3d0a78482/2023-09-13-04-01-55_UMBRA-05/2023-09-13-04-01-55_UMBRA-05_METADATA.json,-106.42150104129882,23.191998762239674
sar-data/tasks/ship_detection_testdata/d8399ed2-7136-4d65-9ad8-71c84a678f4e/2023-03-07-01-54-52_UMBRA-04/2023-03-07-01-54-52_UMBRA-04_METADATA.json,110.43398294520749,21.222481101115832
sar-data/tasks/ship_detection_testdata/d9bcac67-ce70-4ed6-ac95-0442875ec5e2/2023-10-07-02-14-25_UMBRA-05/2023-10-07-02-14-25_UMBRA-05_METADATA.json,117.4936162508082,23.82916809750246
sar-data/tasks/ship_detection_testdata/dbe581f8-cc24-4219-bd64-8b703f03692c/2023-07-27-05-52-52_UMBRA-04/2023-07-27-05-52-52_UMBRA-04_METADATA.json,56.204101614770664,27.13970055547567
sar-data/tasks/ship_detection_testdata/dafebd93-b8af-4680-aeeb-523258621469/2023-09-21-03-47-20_UMBRA-05/2023-09-21-03-47-20_UMBRA-05_METADATA.json,-106.42150108157217,23.18440136804149
sar-data/tasks/ship_detection_testdata/dc0e7117-f381-460c-8ef7-bcf70bfee759/2023-07-14-02-27-36_UMBRA-04/2023-07-14-02-27-36_UMBRA-04_METADATA.json,113.89933159309354,22.324393080739426
sar-data/tasks/ship_detection_testdata/da435c88-0235-4211-b95a-66971af56a91/2023-02-09-15-25-37_UMBRA-05/2023-02-09-15-25-37_UMBRA-05_METADATA.json,-77.04010795312391,38.880684203633244
sar-data/tasks/ship_detection_testdata/d86bfc5a-66a0-4107-b5e0-40da06ed561e/2023-08-26-02-21-34_UMBRA-05/2023-08-26-02-21-34_UMBRA-05_METADATA.json,112.34056018997592,16.834766759925518
sar-data/tasks/ship_detection_testdata/d8365e40-c494-4e90-a44f-8ff445f99dd0/2024-01-08-14-37-13_UMBRA-04/2024-01-08-14-37-13_UMBRA-04_METADATA.json,-68.00750042492105,10.48989944136426
sar-data/tasks/ship_detection_testdata/dcc2d7fd-347e-4f5b-bf3a-d4a7be40ed09/2023-07-02-06-43-36_UMBRA-05/2023-07-02-06-43-36_UMBRA-05_METADATA.json,49.26890072142972,28.408901286211083
sar-data/tasks/ship_detection_testdata/dc072adb-d261-47e3-9bc7-734176d22fda/2023-12-29-18-57-33_UMBRA-04/2023-12-29-18-57-33_UMBRA-04_METADATA.json,43.355201395940355,12.612301208275614
sar-data/tasks/ship_detection_testdata/dcd88cb4-31fb-4cb6-88e2-7ff0e7f7224a/2024-03-27-10-12-49_UMBRA-04/2024-03-27-10-12-49_UMBRA-04_METADATA.json,4.211100423433831,51.918001465896396
sar-data/tasks/ship_detection_testdata/d3dbf012-d218-4312-84b7-407a01eb8fa9/2023-01-27-17-40-17_UMBRA-05/2023-01-27-17-40-17_UMBRA-05_METADATA.json,56.19874516040964,27.141585990743483
sar-data/tasks/ship_detection_testdata/dcd46570-0588-43fd-8b3d-72cbde4be303/2023-04-05-02-44-31_UMBRA-04/2023-04-05-02-44-31_UMBRA-04_METADATA.json,100.89605788511783,13.067200050470035
sar-data/tasks/ship_detection_testdata/dcde8b6e-f52e-4fc6-9259-ecdfc98bd93a/2023-12-01-10-40-50_UMBRA-05/2023-12-01-10-40-50_UMBRA-05_METADATA.json,-9.133334118129142,38.7166686928954
sar-data/tasks/ship_detection_testdata/d9595e6a-7f3b-4274-af02-42237bfdd1b8/2023-06-17-12-47-10_UMBRA-05/2023-06-17-12-47-10_UMBRA-05_METADATA.json,123.19789725954483,39.47299992050024
sar-data/tasks/ship_detection_testdata/dd1834f0-08bd-41f5-ae76-0e77a0547c73/2023-09-05-04-45-52_UMBRA-06/2023-09-05-04-45-52_UMBRA-06_METADATA.json,79.82379873953677,6.9520003630062845
sar-data/tasks/ship_detection_testdata/d9947e0d-780e-40dd-8fe9-4049f77136e7/2023-09-20-06-10-20_UMBRA-05/2023-09-20-06-10-20_UMBRA-05_METADATA.json,56.06100070948298,27.102001010771367
sar-data/tasks/ship_detection_testdata/dfb8e7e1-cad1-48f3-b95a-da6e08e1d81c/2023-08-31-11-49-40_UMBRA-04/2023-08-31-11-49-40_UMBRA-04_METADATA.json,133.07600359108451,42.734001678986914
sar-data/tasks/ship_detection_testdata/dfb34316-872d-4776-8b25-059a8a8e5846/2023-02-18-19-25-23_UMBRA-05/2023-02-18-19-25-23_UMBRA-05_METADATA.json,12.59096967273419,55.68227115455191
sar-data/tasks/ship_detection_testdata/dfab83c6-8919-429a-bde0-7c3b863a25ad/2023-12-01-04-27-34_UMBRA-05/2023-12-01-04-27-34_UMBRA-05_METADATA.json,79.83572358091038,6.953564944251176
sar-data/tasks/ship_detection_testdata/e1f5cc8c-1e6c-4074-ae73-9ea7d8d7912b/2023-12-14-01-57-52_UMBRA-05/2023-12-14-01-57-52_UMBRA-05_METADATA.json,121.54969934706409,31.54510061627697
sar-data/tasks/ship_detection_testdata/e2f3967b-22c2-40d7-a764-b37e3e4df57e/2023-01-27-02-29-59_UMBRA-04/2023-01-27-02-29-59_UMBRA-04_METADATA.json,109.6911222504018,18.20413984781211
sar-data/tasks/ship_detection_testdata/de38167c-728a-45f1-ba12-dd7c1f7a258e/2023-08-31-01-10-34_UMBRA-05/2023-08-31-01-10-34_UMBRA-05_METADATA.json,121.96629243180509,29.89806248367638
sar-data/tasks/ship_detection_testdata/e137eef6-08e0-45c5-a65d-a9386e633a08/2023-01-31-13-43-08_UMBRA-05/2023-01-31-13-43-08_UMBRA-05_METADATA.json,117.7506879443173,38.9832734766974
sar-data/tasks/ship_detection_testdata/e38ff7d3-d2f6-46f0-aaa9-66571b13a4ab/2023-12-04-03-54-25_UMBRA-05/2023-12-04-03-54-25_UMBRA-05_METADATA.json,79.84029384435334,6.952095848888053
sar-data/tasks/ship_detection_testdata/e28ba4d9-db60-4719-bcb3-0e784e0bbbcf/2023-07-07-15-48-53_UMBRA-06/2023-07-07-15-48-53_UMBRA-06_METADATA.json,103.85639936842853,1.2863999193758546
sar-data/tasks/ship_detection_testdata/e3686099-389c-4654-ac54-cfdb887179b4/2023-07-24-12-22-48_UMBRA-05/2023-07-24-12-22-48_UMBRA-05_METADATA.json,125.39228059476864,38.71741991840364
sar-data/tasks/ship_detection_testdata/e0f9ebdb-82de-4453-b800-58046363b4de/2023-01-29-06-41-44_UMBRA-05/2023-01-29-06-41-44_UMBRA-05_METADATA.json,50.885958568860104,28.82962339465104
sar-data/tasks/ship_detection_testdata/ddfece20-3065-44e3-b395-50643f7786a8/2023-10-26-13-04-12_UMBRA-05/2023-10-26-13-04-12_UMBRA-05_METADATA.json,125.37660059190203,38.72309939913491
sar-data/tasks/ship_detection_testdata/e463afb7-30e4-4539-b781-3e7faf42c8c0/2023-10-02-13-43-47_UMBRA-04/2023-10-02-13-43-47_UMBRA-04_METADATA.json,120.28299800994135,27.044001533353537
sar-data/tasks/ship_detection_testdata/e46a3f41-bfa7-4517-a781-9ca4a144e901/2023-08-03-13-16-23_UMBRA-05/2023-08-03-13-16-23_UMBRA-05_METADATA.json,121.73760075537604,31.34900248588308
sar-data/tasks/ship_detection_testdata/e44a0d23-2045-4059-9ef8-417928abc33f/2023-01-22-18-42-23_UMBRA-04/2023-01-22-18-42-23_UMBRA-04_METADATA.json,43.05953645856944,11.592680469983135
sar-data/tasks/ship_detection_testdata/dd9a8bbd-5e80-4c5d-a99d-962de485f9c5/2023-09-24-17-16-25_UMBRA-04/2023-09-24-17-16-25_UMBRA-04_METADATA.json,54.39610758694222,24.521509820721672
sar-data/tasks/ship_detection_testdata/e3bb99fd-5523-4331-9d77-9ceacab8d599/2023-07-02-12-34-36_UMBRA-05/2023-07-02-12-34-36_UMBRA-05_METADATA.json,132.4162276071718,42.936342752370635
sar-data/tasks/ship_detection_testdata/e4993e22-3f8c-450b-b272-213825266b86/2023-09-26-06-23-00_UMBRA-05/2023-09-26-06-23-00_UMBRA-05_METADATA.json,55.13201612044799,25.118632277083755
sar-data/tasks/ship_detection_testdata/e5d151ad-29d2-4fab-bb3e-55e4cb076a62/2023-06-14-13-27-33_UMBRA-05/2023-06-14-13-27-33_UMBRA-05_METADATA.json,120.54582816214652,40.35139225123032
sar-data/tasks/ship_detection_testdata/e57a4669-7b94-4f31-a2ef-bdf8c99dc3db/2023-03-06-14-12-08_UMBRA-04/2023-03-06-14-12-08_UMBRA-04_METADATA.json,109.69460414045629,18.202700010805046
sar-data/tasks/ship_detection_testdata/e6070c81-f430-4652-aadf-01acb4d75ca0/2023-07-31-09-37-08_UMBRA-05/2023-07-31-09-37-08_UMBRA-05_METADATA.json,4.810449649705401,52.407973174381546
sar-data/tasks/ship_detection_testdata/e1f427c5-42d9-495c-bf81-4c85d16fb76b/2023-07-21-02-31-31_UMBRA-05/2023-07-21-02-31-31_UMBRA-05_METADATA.json,103.60795473923596,10.50648700476569
sar-data/tasks/ship_detection_testdata/e5e2c1a3-dc14-45ca-b887-946db7e0dd23/2023-01-18-05-50-37_UMBRA-04/2023-01-18-05-50-37_UMBRA-04_METADATA.json,55.13142198923109,25.11898127241625
sar-data/tasks/ship_detection_testdata/e5cd3419-65a4-47f8-ac68-5d6e0767f31f/2023-05-11-13-36-14_UMBRA-04/2023-05-11-13-36-14_UMBRA-04_METADATA.json,109.56279737531058,18.186200762233074
sar-data/tasks/ship_detection_testdata/e45dcc87-4d15-45b0-83b7-09c55a08f685/2023-09-04-01-53-13_UMBRA-04/2023-09-04-01-53-13_UMBRA-04_METADATA.json,121.77269156681517,29.537502950328264
sar-data/tasks/ship_detection_testdata/e61541a1-85a4-42d3-8aa6-22b078b09526/2023-10-11-01-12-54_UMBRA-05/2023-10-11-01-12-54_UMBRA-05_METADATA.json,122.53156180090816,36.97896187585769
sar-data/tasks/ship_detection_testdata/e8e00f39-7b82-40cf-8a71-849f8eb79142/2023-02-10-14-48-35_UMBRA-04/2023-02-10-14-48-35_UMBRA-04_METADATA.json,103.61054973989593,10.509100319936266
sar-data/tasks/ship_detection_testdata/e691bd94-ae9f-49d0-b824-19f955ba9d30/2023-12-30-01-23-15_UMBRA-04/2023-12-30-01-23-15_UMBRA-04_METADATA.json,-77.08059637509156,38.895905311999236
sar-data/tasks/ship_detection_testdata/e3fc45ca-ba30-47bf-9cd1-5f2aadc0de6d/2023-02-10-18-02-41_UMBRA-04/2023-02-10-18-02-41_UMBRA-04_METADATA.json,53.656380041236076,24.842720143701232
sar-data/tasks/ship_detection_testdata/e6d3c8fd-04d1-4cd7-839e-e857307acbbb/2023-08-30-01-23-46_UMBRA-05/2023-08-30-01-23-46_UMBRA-05_METADATA.json,121.56619971858322,31.277000214467773
sar-data/tasks/ship_detection_testdata/e66f7326-1a8e-43f2-8818-b78d608d7db6/2023-02-03-02-31-43_UMBRA-05/2023-02-03-02-31-43_UMBRA-05_METADATA.json,109.69112245689558,18.20413968964345
sar-data/tasks/ship_detection_testdata/e585fec2-07ec-42f0-835c-ef615344abe7/2023-07-05-15-30-40_UMBRA-05/2023-07-05-15-30-40_UMBRA-05_METADATA.json,-76.13944039843149,36.95779121238399
sar-data/tasks/ship_detection_testdata/e877e67a-86b3-4c6c-b3c8-559de6e4cbf0/2023-10-06-02-10-03_UMBRA-04/2023-10-06-02-10-03_UMBRA-04_METADATA.json,122.53156187136912,36.97896196445641
sar-data/tasks/ship_detection_testdata/e634c050-f065-4cec-8ea0-b94d58939a8d/2023-08-31-01-10-51_UMBRA-04/2023-08-31-01-10-51_UMBRA-04_METADATA.json,120.31857473379736,36.093305834585806
sar-data/tasks/ship_detection_testdata/ea5ea7c9-2cd1-43e2-aa5e-e4654737fd95/2023-10-01-14-39-54_UMBRA-05/2023-10-01-14-39-54_UMBRA-05_METADATA.json,-76.39856644132482,38.99943667396615
sar-data/tasks/ship_detection_testdata/ea6ec0e8-2ae2-45b5-9d0c-2dfbaef01697/2023-09-21-17-02-18_UMBRA-05/2023-09-21-17-02-18_UMBRA-05_METADATA.json,-106.42150115432963,23.18440118677753
sar-data/tasks/ship_detection_testdata/e8aab6f3-88e6-4a46-b492-f530835a9b21/2023-07-01-02-10-11_UMBRA-04/2023-07-01-02-10-11_UMBRA-04_METADATA.json,121.56520729988914,31.378816395487327
sar-data/tasks/ship_detection_testdata/e827c46e-17bf-42f3-992d-1e36937aab31/2024-03-26-15-27-25_UMBRA-04/2024-03-26-15-27-25_UMBRA-04_METADATA.json,-76.52619944485858,39.219103235819055
sar-data/tasks/ship_detection_testdata/ea6a3cca-ae4e-4268-b006-fd90e56a2571/2023-08-31-13-21-07_UMBRA-05/2023-08-31-13-21-07_UMBRA-05_METADATA.json,119.98956966755745,35.722055265420344
sar-data/tasks/ship_detection_testdata/e4d5e1d1-84f6-4039-92fb-669c594ee066/2023-10-06-12-43-54_UMBRA-04/2023-10-06-12-43-54_UMBRA-04_METADATA.json,120.51675616086122,27.20097044781729
sar-data/tasks/ship_detection_testdata/eab64c1a-91f6-4086-9db3-fec2ec6184c6/2024-03-09-01-16-26_UMBRA-04/2024-03-09-01-16-26_UMBRA-04_METADATA.json,119.446028304332,24.976156823433108
sar-data/tasks/ship_detection_testdata/e0c5cf1c-0bc2-42d0-91ea-ffe056c3ef27/2024-03-02-20-11-49_UMBRA-06/2024-03-02-20-11-49_UMBRA-06_METADATA.json,42.9600008745475,13.345796802509547
sar-data/tasks/ship_detection_testdata/ec33c1a7-b701-41bf-9bcb-a1b93271e8c5/2023-01-19-01-58-02_UMBRA-04/2023-01-19-01-58-02_UMBRA-04_METADATA.json,-77.03823120599365,38.880693305617655
sar-data/tasks/ship_detection_testdata/e98fd44a-93a8-428b-863e-82ddb5460788/2024-02-15-01-34-41_UMBRA-04/2024-02-15-01-34-41_UMBRA-04_METADATA.json,121.7698219119322,29.53603071760631
sar-data/tasks/ship_detection_testdata/eaaf7adf-ea15-4a4b-aca5-23e7084e6f67/2023-10-30-04-51-47_UMBRA-05/2023-10-30-04-51-47_UMBRA-05_METADATA.json,72.83583113440868,3.470555822619807
sar-data/tasks/ship_detection_testdata/eb8844a6-e88a-4704-8425-3c3d09010c77/2023-02-16-20-03-02_UMBRA-04/2023-02-16-20-03-02_UMBRA-04_METADATA.json,4.903660028062162,52.37427369053704
sar-data/tasks/ship_detection_testdata/eb78f3f1-e31f-47cd-addd-3f51bc639102/2023-08-14-06-13-18_UMBRA-06/2023-08-14-06-13-18_UMBRA-06_METADATA.json,62.33950119054702,25.10830031176719
sar-data/tasks/ship_detection_testdata/e414eb9f-6ca2-4a95-be81-f4aba32043f9/2023-07-02-06-44-44_UMBRA-04/2023-07-02-06-44-44_UMBRA-04_METADATA.json,54.45327886916586,24.42797373949186
sar-data/tasks/ship_detection_testdata/ea83e3be-3d0b-44e3-a76a-e1162ecd6dbd/2023-07-11-13-38-22_UMBRA-05/2023-07-11-13-38-22_UMBRA-05_METADATA.json,112.04060496915548,21.782700958415685
sar-data/tasks/ship_detection_testdata/ddeadc1d-1355-4ba3-bdfd-8b1ff824df20/2023-10-07-02-13-44_UMBRA-05/2023-10-07-02-13-44_UMBRA-05_METADATA.json,119.44228451451464,25.441387019506628
sar-data/tasks/ship_detection_testdata/ebbe4065-9b9a-46bd-98b1-6cc9082da04c/2023-06-30-07-27-02_UMBRA-04/2023-06-30-07-27-02_UMBRA-04_METADATA.json,18.446955126282234,-33.91581476816838
sar-data/tasks/ship_detection_testdata/ec8487ea-b8b3-413a-b2e0-c4e9a26f7682/2023-10-26-13-04-41_UMBRA-05/2023-10-26-13-04-41_UMBRA-05_METADATA.json,125.41049976700381,38.738700624458154
sar-data/tasks/ship_detection_testdata/ed44ebfa-09f7-43ae-b0f6-d5e60ea7b9c3/2023-02-01-13-33-59_UMBRA-04/2023-02-01-13-33-59_UMBRA-04_METADATA.json,114.17170605436982,22.276739582174425
sar-data/tasks/ship_detection_testdata/ecc9e9fd-1c40-4ad0-942c-d2b697d48c70/2024-02-17-02-46-14_UMBRA-07/2024-02-17-02-46-14_UMBRA-07_METADATA.json,121.76982698727527,29.53602976275269
sar-data/tasks/ship_detection_testdata/ec970a1a-8b8b-4a34-9fc5-85f4b279a632/2023-12-18-13-51-25_UMBRA-06/2023-12-18-13-51-25_UMBRA-06_METADATA.json,127.76899787274314,26.352001217282098
sar-data/tasks/ship_detection_testdata/ee792e88-3824-4286-a0f7-d1e3b619a8f6/2023-11-11-01-52-41_UMBRA-04/2023-11-11-01-52-41_UMBRA-04_METADATA.json,120.99749455363258,14.010602054229077
sar-data/tasks/ship_detection_testdata/edf2dfc4-5b4b-4e6f-9af3-4d19843b56ed/2023-04-06-18-52-11_UMBRA-05/2023-04-06-18-52-11_UMBRA-05_METADATA.json,32.57064670861401,30.098119982457703
sar-data/tasks/ship_detection_testdata/ef024cb3-5ea7-41ad-a1e5-088dced47bea/2023-10-11-01-16-12_UMBRA-05/2023-10-11-01-16-12_UMBRA-05_METADATA.json,121.64110417149952,29.10036115800809
sar-data/tasks/ship_detection_testdata/ee448f05-a4ce-48cc-8b48-6a8388245699/2023-03-12-20-49-50_UMBRA-04/2023-03-12-20-49-50_UMBRA-04_METADATA.json,4.146208670736977,51.9524042936498
sar-data/tasks/ship_detection_testdata/eca2c37a-8aae-4d31-a023-38ee7403891e/2023-12-06-14-30-39_UMBRA-05/2023-12-06-14-30-39_UMBRA-05_METADATA.json,-76.49094394682008,38.978760508401244
sar-data/tasks/ship_detection_testdata/eb57adf3-0f56-40cd-a503-975a489c087b/2023-11-28-18-52-55_UMBRA-06/2023-11-28-18-52-55_UMBRA-06_METADATA.json,51.55080224425205,25.37010054512442
sar-data/tasks/ship_detection_testdata/ee58e0df-6031-41e2-a73e-e7767c1d2a32/2023-04-05-02-44-55_UMBRA-04/2023-04-05-02-44-55_UMBRA-04_METADATA.json,100.89605795821028,13.06720001524817
sar-data/tasks/ship_detection_testdata/ec4f4cf5-e619-43db-92b7-a033b7ec43cf/2023-12-06-01-53-34_UMBRA-05/2023-12-06-01-53-34_UMBRA-05_METADATA.json,110.95137651272421,19.61450157307489
sar-data/tasks/ship_detection_testdata/f0730a1d-2bf7-4193-b2fe-ec8bfb2e1aef/2023-07-02-14-00-55_UMBRA-05/2023-07-02-14-00-55_UMBRA-05_METADATA.json,114.66514555010244,8.855687718940743
sar-data/tasks/ship_detection_testdata/f0864d3a-19ca-442e-ad56-89fa21fea6e0/2024-03-29-02-37-31_UMBRA-05/2024-03-29-02-37-31_UMBRA-05_METADATA.json,104.17836537281711,1.2654433919504415
sar-data/tasks/ship_detection_testdata/ec607329-78f0-4f1e-8694-0fa5d6f627cc/2023-11-05-02-00-13_UMBRA-04/2023-11-05-02-00-13_UMBRA-04_METADATA.json,121.5630552443689,29.873056882708294
sar-data/tasks/ship_detection_testdata/ef5e4423-c7be-40a5-8bcc-d97723dbe345/2023-02-07-06-24-44_UMBRA-05/2023-02-07-06-24-44_UMBRA-05_METADATA.json,55.17600673704375,25.23739197960265
sar-data/tasks/ship_detection_testdata/e8f36ffa-7372-4595-9936-e8bd8e49bcde/2023-09-23-16-32-22_UMBRA-04/2023-09-23-16-32-22_UMBRA-04_METADATA.json,-104.28170096300623,19.05850180065259
sar-data/tasks/ship_detection_testdata/ef2386f6-a5e7-4b1e-9121-f61e7e65fb78/2023-09-23-16-31-09_UMBRA-04/2023-09-23-16-31-09_UMBRA-04_METADATA.json,-106.42150076709883,23.184401241865817
sar-data/tasks/ship_detection_testdata/ed4a3c6f-c6d6-405c-9f1b-0e419214050c/2023-09-15-15-10-11_UMBRA-04/2023-09-15-15-10-11_UMBRA-04_METADATA.json,-76.46189894029,38.967800127252175
sar-data/tasks/ship_detection_testdata/f1526d8c-5ac0-4004-8f29-75d912bcba56/2024-03-29-02-37-04_UMBRA-05/2024-03-29-02-37-04_UMBRA-05_METADATA.json,104.21821652521562,1.3416890115192965
sar-data/tasks/ship_detection_testdata/ef97e3d6-30ab-489c-b568-44f2fae5e197/2023-06-05-02-11-48_UMBRA-06/2023-06-05-02-11-48_UMBRA-06_METADATA.json,122.52903645055682,36.97261808355191
sar-data/tasks/ship_detection_testdata/f256db57-9134-471c-9854-a862f22a7f35/2023-05-25-14-38-54_UMBRA-05/2023-05-25-14-38-54_UMBRA-05_METADATA.json,99.7104024376312,6.254100306897086
sar-data/tasks/ship_detection_testdata/f1d7d56b-95ad-4af2-a095-1851e53124b0/2023-12-08-02-19-53_UMBRA-04/2023-12-08-02-19-53_UMBRA-04_METADATA.json,-68.00750023986494,10.48989952049576
sar-data/tasks/ship_detection_testdata/f0e6e669-ea45-4d65-bf9b-7a4091e4f71f/2023-02-26-02-16-44_UMBRA-05/2023-02-26-02-16-44_UMBRA-05_METADATA.json,103.62780854518604,1.2720550289819401
sar-data/tasks/ship_detection_testdata/eefee539-8c1f-4d52-8a11-aa0510482eb7/2023-09-13-21-18-21_UMBRA-06/2023-09-13-21-18-21_UMBRA-06_METADATA.json,12.112098698821953,-7.593198933717955
sar-data/tasks/ship_detection_testdata/f2ec7a35-10f6-4ad8-accf-5b837add27d6/2024-01-31-07-55-57_UMBRA-06/2024-01-31-07-55-57_UMBRA-06_METADATA.json,19.8915845724404,54.6388198267888
sar-data/tasks/ship_detection_testdata/f473ed09-a795-46e8-be02-04938f778b41/2023-02-25-12-55-39_UMBRA-05/2023-02-25-12-55-39_UMBRA-05_METADATA.json,120.42862113607562,24.309039758975334
sar-data/tasks/ship_detection_testdata/f334b5aa-502d-4aad-b8e6-476b2a4f49d3/2023-02-04-03-11-53_UMBRA-05/2023-02-04-03-11-53_UMBRA-05_METADATA.json,-90.27597065032649,-0.4546922491794126
sar-data/tasks/ship_detection_testdata/ec4c0c14-86ec-4afe-be42-df51b8105a23/2024-03-29-02-40-59_UMBRA-05/2024-03-29-02-40-59_UMBRA-05_METADATA.json,103.45610996746653,1.2999144406167789
sar-data/tasks/ship_detection_testdata/f4c13497-3a33-4cf3-8f99-af1eb51cf4b4/2023-02-19-01-53-16_UMBRA-04/2023-02-19-01-53-16_UMBRA-04_METADATA.json,-77.04965145613157,38.881180083406434
sar-data/tasks/ship_detection_testdata/f53f48a5-055f-4a40-9650-d54e3a56ee36/2023-05-09-02-03-58_UMBRA-04/2023-05-09-02-03-58_UMBRA-04_METADATA.json,109.56279562503762,18.18620013581655
sar-data/tasks/ship_detection_testdata/f7d46b09-b1d4-4747-8bd0-1b3eb5dc57d6/2023-10-02-01-55-22_UMBRA-05/2023-10-02-01-55-22_UMBRA-05_METADATA.json,103.46068627359321,1.2527576567975611
sar-data/tasks/ship_detection_testdata/f2c27481-1df2-4117-976e-3538f5afccb1/2023-02-17-14-50-18_UMBRA-04/2023-02-17-14-50-18_UMBRA-04_METADATA.json,103.88487332614358,1.2612109366142348
sar-data/tasks/ship_detection_testdata/f6c1564e-291e-49ae-8954-24bdce2d2b53/2023-01-24-13-35-14_UMBRA-05/2023-01-24-13-35-14_UMBRA-05_METADATA.json,121.00260955941499,40.71205208801636
sar-data/tasks/ship_detection_testdata/f4d047f5-176d-4b38-9bab-27a0d22886a2/2023-01-26-14-43-42_UMBRA-04/2023-01-26-14-43-42_UMBRA-04_METADATA.json,103.61055083989366,10.509100430471062
sar-data/tasks/ship_detection_testdata/f72ad693-f168-46a6-8e62-adbdfea50680/2024-01-01-01-16-06_UMBRA-04/2024-01-01-01-16-06_UMBRA-04_METADATA.json,121.01971617087838,14.55731243641611
sar-data/tasks/ship_detection_testdata/f48082b1-0da7-4ed1-ab46-15bb6ca5dd2c/2024-01-10-14-14-29_UMBRA-06/2024-01-10-14-14-29_UMBRA-06_METADATA.json,121.19959869832637,36.64709740100235
sar-data/tasks/ship_detection_testdata/f1fdda78-dfc0-4a42-a359-0bac353825de/2023-07-26-01-19-46_UMBRA-04/2023-07-26-01-19-46_UMBRA-04_METADATA.json,121.56520731365045,31.378816343135103
sar-data/tasks/ship_detection_testdata/f76541e1-67e7-419f-be10-32ccb8d1446c/2023-10-06-12-57-47_UMBRA-05/2023-10-06-12-57-47_UMBRA-05_METADATA.json,117.49361595735172,23.829168005460016
sar-data/tasks/ship_detection_testdata/f20d6a90-b1df-4255-9f96-b7015329a81f/2023-04-20-06-13-33_UMBRA-06/2023-04-20-06-13-33_UMBRA-06_METADATA.json,54.60696197532336,24.483569614151936
sar-data/tasks/ship_detection_testdata/f576894d-e38e-48a2-ba96-697f67abf104/2023-09-10-02-11-25_UMBRA-04/2023-09-10-02-11-25_UMBRA-04_METADATA.json,107.12590075630033,10.410119737418594
sar-data/tasks/ship_detection_testdata/f91f535e-e514-466b-9b5a-26cbce6d207c/2023-12-08-13-35-51_UMBRA-05/2023-12-08-13-35-51_UMBRA-05_METADATA.json,109.6911246664843,18.204138350074416
sar-data/tasks/ship_detection_testdata/f81c30d7-d3c3-4eb9-a6ab-9dff0da6c932/2023-12-16-01-53-54_UMBRA-04/2023-12-16-01-53-54_UMBRA-04_METADATA.json,121.5496991591503,31.545100788324007
sar-data/tasks/ship_detection_testdata/f7547d02-4795-4434-8530-b4d442d9f098/2023-10-03-13-32-30_UMBRA-04/2023-10-03-13-32-30_UMBRA-04_METADATA.json,119.4563055321169,34.68899926541941
sar-data/tasks/ship_detection_testdata/f22a6809-4bf2-4eb7-8d6b-763c769efecf/2023-10-28-14-40-45_UMBRA-05/2023-10-28-14-40-45_UMBRA-05_METADATA.json,-77.03927740527871,38.85431860025864
sar-data/tasks/ship_detection_testdata/fac7e80e-b248-4e41-a517-95ae73768e63/2023-02-09-01-23-40_UMBRA-04/2023-02-09-01-23-40_UMBRA-04_METADATA.json,120.19027529420279,23.78636895962518
sar-data/tasks/ship_detection_testdata/f54a15fe-0be7-4576-9c1e-f7ddba82c6e4/2023-11-30-14-03-16_UMBRA-05/2023-11-30-14-03-16_UMBRA-05_METADATA.json,-77.03919770450273,38.89710287090347
sar-data/tasks/ship_detection_testdata/f5cbed70-5270-410b-bb67-040cdb517be6/2024-02-16-02-36-16_UMBRA-06/2024-02-16-02-36-16_UMBRA-06_METADATA.json,109.68277838567825,18.210841192518618
sar-data/tasks/ship_detection_testdata/fa8af008-6dc6-4382-8f5a-205f5a6af209/2023-02-01-02-17-06_UMBRA-05/2023-02-01-02-17-06_UMBRA-05_METADATA.json,-79.581382483444,8.973667781705611
sar-data/tasks/ship_detection_testdata/f9e54587-b67a-4677-8ed0-e01082738422/2023-02-25-12-58-24_UMBRA-05/2023-02-25-12-58-24_UMBRA-05_METADATA.json,125.38305552075036,38.718803411312805
sar-data/tasks/ship_detection_testdata/f317bbd7-9022-4b9d-9f3f-142afda1c1de/2023-12-01-10-38-22_UMBRA-05/2023-12-01-10-38-22_UMBRA-05_METADATA.json,-2.5333352838131717,49.44999956583714
sar-data/tasks/ship_detection_testdata/f990359e-6823-4668-8188-301914515a56/2023-12-01-04-29-23_UMBRA-05/2023-12-01-04-29-23_UMBRA-05_METADATA.json,73.49999979044635,4.166666423240018
sar-data/tasks/ship_detection_testdata/fbfd7b1d-df11-4b02-863a-261ef67d47f7/2023-12-01-09-42-50_UMBRA-06/2023-12-01-09-42-50_UMBRA-06_METADATA.json,13.216666859504908,-8.833333476558256
sar-data/tasks/ship_detection_testdata/f77dad94-5522-4944-8fac-e6f012d06ecb/2023-03-25-13-57-24_UMBRA-05/2023-03-25-13-57-24_UMBRA-05_METADATA.json,109.5581957088114,18.187599701730687
sar-data/tasks/ship_detection_testdata/f98e54fd-6b3c-4002-9c5d-402f080cd638/2024-03-29-03-15-06_UMBRA-04/2024-03-29-03-15-06_UMBRA-04_METADATA.json,100.54029408653125,3.2779487136137306
sar-data/tasks/ship_detection_testdata/fc67971a-75b5-4e5a-9d26-69ca318e317c/2023-08-31-02-48-50_UMBRA-05/2023-08-31-02-48-50_UMBRA-05_METADATA.json,109.54985770429799,18.207588756189764
sar-data/tasks/ship_detection_testdata/fb23e35d-11a6-41e8-b0a1-7a91a62c681b/2023-12-01-09-06-14_UMBRA-05/2023-12-01-09-06-14_UMBRA-05_METADATA.json,14.499996525521981,35.88333803866772
sar-data/tasks/ship_detection_testdata/f261201c-817e-484c-ad7b-abea932be17b/2023-04-20-01-31-56_UMBRA-05/2023-04-20-01-31-56_UMBRA-05_METADATA.json,129.0520035004243,35.118810292610526
sar-data/tasks/ship_detection_testdata/fcb5e4cb-defc-4567-8826-dfb51a8bdf50/2023-01-21-14-43-03_UMBRA-04/2023-01-21-14-43-03_UMBRA-04_METADATA.json,-77.04640967342587,38.8776594889068
sar-data/tasks/ship_detection_testdata/fc74acd4-31d9-47d0-b525-46efc67013ff/2023-02-23-01-27-01_UMBRA-04/2023-02-23-01-27-01_UMBRA-04_METADATA.json,129.39204435508435,35.525114136032194
sar-data/tasks/ship_detection_testdata/fc679323-a858-47f1-8ed6-3b3fab3848c7/2023-11-29-12-11-25_UMBRA-05/2023-11-29-12-11-25_UMBRA-05_METADATA.json,128.8114942892898,35.072601693637544
sar-data/tasks/ship_detection_testdata/fca8f926-11c4-48b5-9eb9-f2b54ea328b1/2023-10-30-04-51-15_UMBRA-05/2023-10-30-04-51-15_UMBRA-05_METADATA.json,72.86299147909159,3.4883339941270597
sar-data/tasks/ship_detection_testdata/fc8d7adf-b5e1-46e6-91db-c87c26ec113d/2023-12-30-06-05-49_UMBRA-05/2023-12-30-06-05-49_UMBRA-05_METADATA.json,43.30830179728833,12.576101428340728
sar-data/tasks/ship_detection_testdata/fc78ba14-1039-4a46-bb3c-11ef7042e089/2023-06-18-14-31-05_UMBRA-06/2023-06-18-14-31-05_UMBRA-06_METADATA.json,119.459724287929,34.68694243357288
sar-data/tasks/ship_detection_testdata/fd8bb922-e199-43e0-ae42-f8a688ddce22/2023-07-02-01-57-48_UMBRA-04/2023-07-02-01-57-48_UMBRA-04_METADATA.json,121.56520694781761,31.37881638676993
sar-data/tasks/ship_detection_testdata/fbcf5180-cba5-4904-b65b-9e82b7cc89d3/2024-03-29-03-56-08_UMBRA-08/2024-03-29-03-56-08_UMBRA-08_METADATA.json,101.6867966281392,2.434443591291819
sar-data/tasks/ship_detection_testdata/f5f1d0bd-c2b7-49fe-889a-fc2db04bea26/2023-12-19-21-30-24_UMBRA-06/2023-12-19-21-30-24_UMBRA-06_METADATA.json,4.058308138010594,51.952296235710065
sar-data/tasks/ship_detection_testdata/fdb794c5-a53d-4ddc-9457-9adb0c139bfa/2023-09-17-15-39-09_UMBRA-06/2023-09-17-15-39-09_UMBRA-06_METADATA.json,103.69603772972312,1.2782039589404173
sar-data/tasks/ship_detection_testdata/ff2fddb1-271a-4293-8766-612fd80ff745/2023-07-28-02-30-57_UMBRA-05/2023-07-28-02-30-57_UMBRA-05_METADATA.json,109.69409911050631,18.20260106221
sar-data/tasks/ship_detection_testdata/f9cb6254-61d5-4384-b677-bad94ccb4af2/2023-02-21-14-41-54_UMBRA-04/2023-02-21-14-41-54_UMBRA-04_METADATA.json,-79.91824350603093,9.302870440150762
sar-data/tasks/ship_detection_testdata/fafacb89-6d17-442c-a19b-1eebdf4784ed/2023-01-24-08-04-59_UMBRA-04/2023-01-24-08-04-59_UMBRA-04_METADATA.json,27.903732285377266,-33.02270378814292
sar-data/tasks/ship_detection_testdata/ff7ca8ed-3c44-46df-8ead-2f890bfe8a8e/2023-02-26-12-44-09_UMBRA-05/2023-02-26-12-44-09_UMBRA-05_METADATA.json,129.44091728822673,35.516731879062675
sar-data/tasks/ship_detection_testdata/fe522e06-fcc4-4af3-9e33-a3eebfef30d0/2023-01-18-02-46-11_UMBRA-04/2023-01-18-02-46-11_UMBRA-04_METADATA.json,103.70066056702913,1.2766282043375488
sar-data/tasks/ship_detection_testdata/fd3582ed-158d-4a6f-8f88-e693458a32d9/2023-09-28-13-17-55_UMBRA-05/2023-09-28-13-17-55_UMBRA-05_METADATA.json,121.55950289967844,31.375701228725234
sar-data/tasks/ship_detection_testdata/fe95be04-fd7d-410a-8419-5343568736d7/2023-07-15-02-09-27_UMBRA-05/2023-07-15-02-09-27_UMBRA-05_METADATA.json,121.61699368804587,38.93999928432795
sar-data/tasks/ship_detection_testdata/fd0f50a3-11b6-40af-9cdb-1b06712b0090/2023-01-20-12-51-23_UMBRA-04/2023-01-20-12-51-23_UMBRA-04_METADATA.json,129.08869893266555,35.10507973367427
sar-data/tasks/ship_detection_testdata/fcdf33f5-aa93-42a2-89ad-d881ad0a7c96/2023-01-24-04-43-59_UMBRA-04/2023-01-24-04-43-59_UMBRA-04_METADATA.json,79.84754951081491,6.9456900432843645
sar-data/tasks/ship_detection_testdata/fb04001c-4aca-451d-873d-7e18b5a198df/2023-02-17-07-39-24_UMBRA-05/2023-02-17-07-39-24_UMBRA-05_METADATA.json,18.418751120792848,-33.915199813764474
